"sheetMusicID","sponsorID"
"SM1","SPR869"
"SM10","SPR871"
"SM100","SPR2137"
"SM1000","SPR887"
"SM1001","SPR887"
"SM1002","SPR885"
"SM1003","SPR885"
"SM1004","SPR885"
"SM1005","SPR885"
"SM1006","SPR885"
"SM1007","SPR885"
"SM1008","SPR885"
"SM1009","SPR2126"
"SM101","SPR2136"
"SM1010","SPR293"
"SM102","SPR2138"
"SM103","SPR1335"
"SM104","SPR2138"
"SM105","SPR2138"
"SM106","SPR871"
"SM107","SPR986"
"SM108","SPR871"
"SM1083","SPR1340"
"SM1084","SPR1336"
"SM1085","SPR1336"
"SM1086","SPR1336"
"SM1087","SPR1336"
"SM1088","SPR1336"
"SM1089","SPR1336"
"SM109","SPR1784"
"SM1090","SPR1336"
"SM1091","SPR1336"
"SM1092","SPR1336"
"SM1093","SPR1336"
"SM1094","SPR1336"
"SM1095","SPR1336"
"SM1096","SPR1336"
"SM1097","SPR1336"
"SM1098","SPR1336"
"SM1099","SPR1336"
"SM11","SPR871"
"SM110","SPR1741"
"SM1100","SPR1336"
"SM1101","SPR1336"
"SM1102","SPR1336"
"SM1103","SPR1336"
"SM1104","SPR1336"
"SM1105","SPR1336"
"SM1106","SPR1336"
"SM1107","SPR1336"
"SM1108","SPR1336"
"SM1109","SPR1336"
"SM111","SPR989"
"SM1110","SPR1336"
"SM1111","SPR1336"
"SM1113","SPR1336"
"SM1114","SPR1336"
"SM1115","SPR1336"
"SM1116","SPR1336"
"SM1117","SPR1336"
"SM1118","SPR1336"
"SM1119","SPR1336"
"SM112","SPR988"
"SM1120","SPR1059"
"SM1121","SPR1344"
"SM1122","SPR1344"
"SM1123","SPR1344"
"SM1124","SPR1344"
"SM1125","SPR1344"
"SM1126","SPR1344"
"SM1127","SPR1344"
"SM1128","SPR1344"
"SM1129","SPR1344"
"SM113","SPR875"
"SM1130","SPR1344"
"SM1131","SPR1344"
"SM1132","SPR1344"
"SM1133","SPR885"
"SM1134","SPR885"
"SM1135","SPR885"
"SM1136","SPR885"
"SM1137","SPR885"
"SM1138","SPR885"
"SM1139","SPR885"
"SM114","SPR869"
"SM1140","SPR885"
"SM1141","SPR885"
"SM1142","SPR855"
"SM1143","SPR855"
"SM1144","SPR1336"
"SM1145","SPR1065"
"SM1146","SPR1065"
"SM1149","SPR1317"
"SM115","SPR983"
"SM1150","SPR2151"
"SM1151","SPR1843"
"SM1152","SPR673"
"SM1153","SPR381"
"SM1154","SPR1335"
"SM1155","SPR1408"
"SM1156","SPR496"
"SM1157","SPR615"
"SM1158","SPR382"
"SM1159","SPR987"
"SM1160","SPR53"
"SM1161","SPR503"
"SM1162","SPR1335"
"SM1163","SPR743"
"SM1164","SPR1335"
"SM1165","SPR2"
"SM1165","SPR3"
"SM1166","SPR2"
"SM1166","SPR3"
"SM1167","SPR2"
"SM1167","SPR3"
"SM1168","SPR988"
"SM1169","SPR2"
"SM1169","SPR3"
"SM117","SPR1335"
"SM1170","SPR2"
"SM1170","SPR3"
"SM1171","SPR2"
"SM1171","SPR3"
"SM1172","SPR2"
"SM1172","SPR3"
"SM1173","SPR2"
"SM1173","SPR3"
"SM1174","SPR2"
"SM1174","SPR3"
"SM1175","SPR2"
"SM1175","SPR3"
"SM1177","SPR2"
"SM1177","SPR3"
"SM1178","SPR2"
"SM1178","SPR3"
"SM1179","SPR2"
"SM1179","SPR3"
"SM118","SPR1066"
"SM1180","SPR2"
"SM1180","SPR3"
"SM1181","SPR2"
"SM1181","SPR3"
"SM1182","SPR2"
"SM1182","SPR3"
"SM1184","SPR2"
"SM1184","SPR3"
"SM1185","SPR2"
"SM1185","SPR3"
"SM1186","SPR2"
"SM1186","SPR3"
"SM1187","SPR2"
"SM1187","SPR3"
"SM1188","SPR744"
"SM1189","SPR2"
"SM1189","SPR3"
"SM119","SPR2137"
"SM1190","SPR2"
"SM1190","SPR3"
"SM1191","SPR2"
"SM1191","SPR3"
"SM1193","SPR2"
"SM1193","SPR3"
"SM1194","SPR2"
"SM1194","SPR3"
"SM1195","SPR2"
"SM1195","SPR3"
"SM1196","SPR2"
"SM1196","SPR3"
"SM1197","SPR2"
"SM1197","SPR3"
"SM1198","SPR2"
"SM1198","SPR3"
"SM1199","SPR253"
"SM12","SPR871"
"SM120","SPR871"
"SM1200","SPR2"
"SM1200","SPR3"
"SM1201","SPR2"
"SM1201","SPR3"
"SM1202","SPR2"
"SM1202","SPR3"
"SM1203","SPR2"
"SM1203","SPR3"
"SM1204","SPR2"
"SM1204","SPR3"
"SM1205","SPR2"
"SM1205","SPR3"
"SM1206","SPR2"
"SM1206","SPR3"
"SM1207","SPR2"
"SM1207","SPR3"
"SM1208","SPR2"
"SM1208","SPR3"
"SM1209","SPR2"
"SM1209","SPR3"
"SM121","SPR1611"
"SM1210","SPR2292"
"SM1211","SPR2"
"SM1211","SPR3"
"SM1212","SPR2"
"SM1212","SPR3"
"SM1213","SPR981"
"SM1214","SPR2"
"SM1214","SPR3"
"SM1215","SPR2"
"SM1215","SPR3"
"SM1216","SPR2"
"SM1216","SPR3"
"SM1217","SPR2"
"SM1217","SPR3"
"SM1218","SPR380"
"SM1219","SPR410"
"SM122","SPR986"
"SM1220","SPR380"
"SM1221","SPR2"
"SM1221","SPR3"
"SM1222","SPR2"
"SM1222","SPR3"
"SM1223","SPR2"
"SM1223","SPR3"
"SM1224","SPR2"
"SM1224","SPR3"
"SM1225","SPR616"
"SM1227","SPR2"
"SM1227","SPR3"
"SM1228","SPR2"
"SM1228","SPR3"
"SM1229","SPR2"
"SM1229","SPR3"
"SM123","SPR871"
"SM1230","SPR2"
"SM1230","SPR3"
"SM1231","SPR2"
"SM1231","SPR3"
"SM1232","SPR2"
"SM1232","SPR3"
"SM1233","SPR2"
"SM1233","SPR3"
"SM1234","SPR2"
"SM1234","SPR3"
"SM1235","SPR2"
"SM1235","SPR3"
"SM1236","SPR2"
"SM1236","SPR3"
"SM1237","SPR1730"
"SM1238","SPR1730"
"SM1239","SPR1730"
"SM124","SPR7"
"SM1240","SPR586"
"SM1241","SPR586"
"SM1242","SPR2"
"SM1242","SPR3"
"SM1243","SPR2"
"SM1243","SPR3"
"SM1244","SPR2"
"SM1244","SPR3"
"SM1245","SPR114"
"SM1246","SPR972"
"SM1247","SPR965"
"SM1248","SPR973"
"SM1249","SPR2"
"SM1249","SPR3"
"SM125","SPR871"
"SM1250","SPR611"
"SM1251","SPR869"
"SM1252","SPR1784"
"SM1253","SPR973"
"SM1254","SPR1335"
"SM1258","SPR745"
"SM1259","SPR981"
"SM126","SPR871"
"SM1261","SPR1445"
"SM1262","SPR926"
"SM1263","SPR2"
"SM1263","SPR3"
"SM1264","SPR981"
"SM1265","SPR602"
"SM1266","SPR380"
"SM1267","SPR2124"
"SM1268","SPR1225"
"SM1269","SPR826"
"SM127","SPR871"
"SM1270","SPR1795"
"SM1272","SPR1795"
"SM1273","SPR875"
"SM1274","SPR2055"
"SM1275","SPR2310"
"SM1276","SPR296"
"SM1277","SPR971"
"SM1278","SPR1002"
"SM1279","SPR1002"
"SM128","SPR871"
"SM1281","SPR1002"
"SM1282","SPR1002"
"SM1283","SPR1002"
"SM1284","SPR1002"
"SM1285","SPR1002"
"SM1286","SPR1002"
"SM1287","SPR1002"
"SM1288","SPR1002"
"SM1290","SPR1002"
"SM1291","SPR1002"
"SM1292","SPR1002"
"SM1293","SPR1002"
"SM1294","SPR1002"
"SM1295","SPR1002"
"SM1296","SPR1002"
"SM1297","SPR1002"
"SM1298","SPR1002"
"SM1299","SPR1002"
"SM13","SPR1783"
"SM1300","SPR1002"
"SM1301","SPR90"
"SM1302","SPR2"
"SM1302","SPR3"
"SM1303","SPR746"
"SM1304","SPR894"
"SM1305","SPR1376"
"SM1306","SPR1336"
"SM1307","SPR1376"
"SM1308","SPR982"
"SM1309","SPR930"
"SM131","SPR871"
"SM1310","SPR892"
"SM1311","SPR982"
"SM1312","SPR386"
"SM1313","SPR857"
"SM1314","SPR1335"
"SM1315","SPR1065"
"SM1316","SPR604"
"SM1317","SPR1336"
"SM1318","SPR1336"
"SM1319","SPR1336"
"SM132","SPR871"
"SM1320","SPR1336"
"SM1321","SPR1376"
"SM1322","SPR1346"
"SM1323","SPR1346"
"SM1324","SPR966"
"SM1325","SPR1336"
"SM1326","SPR1539"
"SM1327","SPR1336"
"SM1329","SPR1002"
"SM133","SPR1338"
"SM1330","SPR1002"
"SM1331","SPR744"
"SM1334","SPR974"
"SM1335","SPR1061"
"SM1340","SPR1336"
"SM1341","SPR1336"
"SM1343","SPR1336"
"SM1344","SPR1336"
"SM1345","SPR1055"
"SM1346","SPR2"
"SM1346","SPR3"
"SM1347","SPR2081"
"SM1348","SPR2126"
"SM1349","SPR1336"
"SM135","SPR1338"
"SM1350","SPR1336"
"SM1351","SPR1336"
"SM1353","SPR1336"
"SM1354","SPR2"
"SM1354","SPR3"
"SM1355","SPR982"
"SM1357","SPR1337"
"SM1358","SPR892"
"SM1359","SPR1336"
"SM1360","SPR1336"
"SM1361","SPR1336"
"SM1362","SPR1336"
"SM1363","SPR1336"
"SM1365","SPR1376"
"SM1366","SPR982"
"SM1367","SPR931"
"SM1368","SPR1376"
"SM1369","SPR1784"
"SM137","SPR1336"
"SM1371","SPR1241"
"SM1372","SPR981"
"SM1373","SPR869"
"SM1374","SPR1782"
"SM1375","SPR994"
"SM1376","SPR859"
"SM1377","SPR2094"
"SM1378","SPR1777"
"SM1379","SPR869"
"SM138","SPR355"
"SM1380","SPR869"
"SM1381","SPR749"
"SM1382","SPR25"
"SM1383","SPR1596"
"SM1384","SPR25"
"SM1385","SPR25"
"SM1386","SPR31"
"SM1387","SPR31"
"SM1388","SPR1841"
"SM1389","SPR31"
"SM139","SPR1065"
"SM1390","SPR25"
"SM1391","SPR25"
"SM1392","SPR25"
"SM1393","SPR25"
"SM1394","SPR2097"
"SM1395","SPR2096"
"SM1397","SPR884"
"SM1398","SPR884"
"SM1399","SPR884"
"SM14","SPR2054"
"SM140","SPR898"
"SM1400","SPR884"
"SM1401","SPR884"
"SM1402","SPR884"
"SM1403","SPR884"
"SM1404","SPR884"
"SM1405","SPR884"
"SM1406","SPR884"
"SM1407","SPR884"
"SM1408","SPR884"
"SM1409","SPR884"
"SM141","SPR871"
"SM1410","SPR884"
"SM1411","SPR884"
"SM1412","SPR884"
"SM1413","SPR884"
"SM1414","SPR884"
"SM1415","SPR884"
"SM1416","SPR1920"
"SM1417","SPR1920"
"SM1418","SPR884"
"SM1419","SPR884"
"SM142","SPR871"
"SM1420","SPR884"
"SM1421","SPR883"
"SM1422","SPR882"
"SM1423","SPR882"
"SM1424","SPR882"
"SM1425","SPR882"
"SM1426","SPR884"
"SM1427","SPR885"
"SM1428","SPR885"
"SM1429","SPR885"
"SM143","SPR871"
"SM1430","SPR885"
"SM1431","SPR885"
"SM1432","SPR885"
"SM1433","SPR885"
"SM1434","SPR882"
"SM1435","SPR885"
"SM1436","SPR887"
"SM1439","SPR96"
"SM144","SPR871"
"SM1440","SPR2126"
"SM1441","SPR2126"
"SM1442","SPR2126"
"SM1443","SPR2126"
"SM1444","SPR2126"
"SM1445","SPR2126"
"SM1446","SPR932"
"SM1447","SPR2"
"SM1447","SPR3"
"SM1448","SPR930"
"SM1449","SPR987"
"SM145","SPR871"
"SM1450","SPR1374"
"SM1452","SPR864"
"SM1453","SPR676"
"SM1454","SPR1335"
"SM1455","SPR2124"
"SM1456","SPR1376"
"SM1457","SPR985"
"SM1458","SPR2"
"SM1458","SPR3"
"SM1459","SPR2"
"SM1459","SPR3"
"SM146","SPR869"
"SM1460","SPR982"
"SM1461","SPR135"
"SM1462","SPR1411"
"SM1463","SPR2"
"SM1463","SPR3"
"SM1464","SPR869"
"SM1465","SPR869"
"SM1466","SPR869"
"SM1467","SPR869"
"SM1468","SPR1784"
"SM1469","SPR869"
"SM147","SPR869"
"SM1470","SPR869"
"SM1471","SPR182"
"SM1472","SPR182"
"SM1473","SPR1374"
"SM1474","SPR1374"
"SM1475","SPR1374"
"SM1476","SPR2136"
"SM1477","SPR1336"
"SM1478","SPR1420"
"SM1479","SPR987"
"SM148","SPR869"
"SM1480","SPR982"
"SM1481","SPR1335"
"SM1482","SPR497"
"SM1483","SPR1335"
"SM1485","SPR1335"
"SM1487","SPR1336"
"SM1488","SPR981"
"SM1489","SPR1336"
"SM149","SPR869"
"SM1490","SPR1336"
"SM1491","SPR981"
"SM1492","SPR2134"
"SM1493","SPR2134"
"SM1494","SPR1870"
"SM1495","SPR1783"
"SM1497","SPR982"
"SM1498","SPR1336"
"SM1499","SPR467"
"SM15","SPR2089"
"SM150","SPR869"
"SM1500","SPR869"
"SM1503","SPR868"
"SM1504","SPR1899"
"SM1506","SPR1816"
"SM1507","SPR1816"
"SM1509","SPR1816"
"SM151","SPR869"
"SM1510","SPR2"
"SM1510","SPR3"
"SM152","SPR869"
"SM153","SPR869"
"SM154","SPR869"
"SM155","SPR869"
"SM156","SPR869"
"SM157","SPR869"
"SM158","SPR869"
"SM159","SPR869"
"SM16","SPR2054"
"SM160","SPR869"
"SM161","SPR869"
"SM162","SPR872"
"SM163","SPR869"
"SM164","SPR869"
"SM165","SPR869"
"SM166","SPR869"
"SM167","SPR869"
"SM168","SPR869"
"SM169","SPR869"
"SM17","SPR2054"
"SM170","SPR869"
"SM171","SPR869"
"SM172","SPR869"
"SM173","SPR869"
"SM174","SPR869"
"SM175","SPR869"
"SM176","SPR869"
"SM177","SPR869"
"SM178","SPR869"
"SM179","SPR869"
"SM18","SPR986"
"SM180","SPR1335"
"SM181","SPR1335"
"SM182","SPR2123"
"SM183","SPR1338"
"SM185","SPR1345"
"SM186","SPR297"
"SM187","SPR2054"
"SM188","SPR2054"
"SM19","SPR986"
"SM190","SPR1336"
"SM191","SPR1336"
"SM192","SPR1065"
"SM193","SPR2"
"SM193","SPR3"
"SM195","SPR869"
"SM196","SPR869"
"SM197","SPR869"
"SM198","SPR869"
"SM199","SPR869"
"SM2","SPR869"
"SM20","SPR871"
"SM200","SPR869"
"SM201","SPR869"
"SM202","SPR869"
"SM203","SPR869"
"SM204","SPR869"
"SM205","SPR869"
"SM206","SPR1783"
"SM207","SPR1338"
"SM208","SPR1338"
"SM209","SPR1338"
"SM21","SPR871"
"SM210","SPR1338"
"SM211","SPR34"
"SM212","SPR1338"
"SM213","SPR1338"
"SM214","SPR1338"
"SM215","SPR1338"
"SM216","SPR1338"
"SM217","SPR1338"
"SM218","SPR1338"
"SM219","SPR295"
"SM22","SPR1783"
"SM220","SPR1338"
"SM221","SPR1338"
"SM222","SPR1338"
"SM224","SPR1338"
"SM225","SPR893"
"SM227","SPR2137"
"SM229","SPR144"
"SM23","SPR1783"
"SM231","SPR1065"
"SM233","SPR2324"
"SM234","SPR1338"
"SM235","SPR1338"
"SM236","SPR1338"
"SM237","SPR1338"
"SM238","SPR1343"
"SM239","SPR1338"
"SM24","SPR875"
"SM240","SPR1338"
"SM241","SPR1338"
"SM242","SPR1338"
"SM243","SPR1338"
"SM244","SPR1338"
"SM245","SPR1338"
"SM246","SPR1783"
"SM247","SPR1338"
"SM249","SPR1338"
"SM25","SPR875"
"SM250","SPR1338"
"SM251","SPR35"
"SM252","SPR1338"
"SM254","SPR1338"
"SM255","SPR1338"
"SM256","SPR1338"
"SM257","SPR85"
"SM258","SPR1778"
"SM259","SPR1338"
"SM26","SPR875"
"SM260","SPR1783"
"SM262","SPR1338"
"SM265","SPR1338"
"SM267","SPR1338"
"SM269","SPR1338"
"SM27","SPR875"
"SM271","SPR1338"
"SM272","SPR1783"
"SM273","SPR527"
"SM274","SPR1338"
"SM275","SPR32"
"SM276","SPR1338"
"SM278","SPR1338"
"SM28","SPR1335"
"SM280","SPR1338"
"SM282","SPR1338"
"SM283","SPR1338"
"SM284","SPR33"
"SM286","SPR1338"
"SM288","SPR1338"
"SM289","SPR2137"
"SM29","SPR657"
"SM290","SPR1338"
"SM291","SPR1338"
"SM292","SPR1779"
"SM293","SPR1338"
"SM294","SPR1338"
"SM295","SPR1338"
"SM296","SPR1338"
"SM298","SPR1338"
"SM299","SPR2137"
"SM3","SPR869"
"SM30","SPR2124"
"SM301","SPR1060"
"SM302","SPR1338"
"SM304","SPR1338"
"SM305","SPR1338"
"SM306","SPR1783"
"SM307","SPR1338"
"SM309","SPR1296"
"SM31","SPR2053"
"SM310","SPR1338"
"SM312","SPR1338"
"SM313","SPR2137"
"SM314","SPR1338"
"SM316","SPR1338"
"SM317","SPR1338"
"SM319","SPR1338"
"SM32","SPR1061"
"SM320","SPR1784"
"SM321","SPR1338"
"SM322","SPR1783"
"SM323","SPR1338"
"SM324","SPR1338"
"SM325","SPR1338"
"SM326","SPR1338"
"SM327","SPR1338"
"SM328","SPR2085"
"SM33","SPR1783"
"SM330","SPR1338"
"SM331","SPR1338"
"SM332","SPR1338"
"SM333","SPR1338"
"SM334","SPR1338"
"SM335","SPR1338"
"SM336","SPR1338"
"SM337","SPR1338"
"SM34","SPR871"
"SM340","SPR1338"
"SM342","SPR1338"
"SM343","SPR88"
"SM344","SPR88"
"SM345","SPR1338"
"SM346","SPR1338"
"SM348","SPR1712"
"SM349","SPR1338"
"SM35","SPR871"
"SM350","SPR1338"
"SM352","SPR1065"
"SM353","SPR1338"
"SM354","SPR34"
"SM355","SPR1338"
"SM356","SPR1338"
"SM358","SPR1338"
"SM359","SPR1338"
"SM36","SPR871"
"SM360","SPR1338"
"SM361","SPR1338"
"SM362","SPR1338"
"SM363","SPR1338"
"SM364","SPR984"
"SM366","SPR1338"
"SM367","SPR1338"
"SM368","SPR2137"
"SM369","SPR1338"
"SM37","SPR871"
"SM370","SPR1338"
"SM371","SPR1338"
"SM372","SPR1338"
"SM373","SPR1338"
"SM375","SPR1338"
"SM376","SPR1338"
"SM377","SPR1338"
"SM378","SPR1338"
"SM379","SPR1338"
"SM38","SPR1338"
"SM380","SPR1338"
"SM383","SPR1338"
"SM384","SPR37"
"SM385","SPR1338"
"SM386","SPR2135"
"SM387","SPR1338"
"SM389","SPR1783"
"SM39","SPR1338"
"SM390","SPR1061"
"SM391","SPR1338"
"SM392","SPR2135"
"SM393","SPR1338"
"SM394","SPR1338"
"SM395","SPR1338"
"SM396","SPR1338"
"SM397","SPR1338"
"SM398","SPR1338"
"SM4","SPR869"
"SM40","SPR1338"
"SM400","SPR1338"
"SM401","SPR1711"
"SM403","SPR1338"
"SM404","SPR1338"
"SM405","SPR34"
"SM406","SPR1338"
"SM408","SPR1338"
"SM409","SPR1338"
"SM41","SPR1065"
"SM410","SPR1338"
"SM411","SPR526"
"SM412","SPR1338"
"SM413","SPR1338"
"SM414","SPR1338"
"SM415","SPR2"
"SM415","SPR3"
"SM416","SPR1338"
"SM418","SPR1338"
"SM419","SPR1338"
"SM42","SPR1523"
"SM421","SPR1338"
"SM422","SPR1338"
"SM423","SPR1338"
"SM424","SPR1338"
"SM425","SPR1338"
"SM426","SPR1338"
"SM428","SPR1338"
"SM429","SPR1711"
"SM43","SPR1523"
"SM432","SPR1338"
"SM433","SPR2137"
"SM434","SPR1338"
"SM436","SPR1711"
"SM437","SPR1712"
"SM438","SPR1712"
"SM44","SPR1030"
"SM440","SPR1712"
"SM441","SPR1338"
"SM442","SPR1338"
"SM443","SPR1338"
"SM444","SPR1338"
"SM446","SPR1338"
"SM447","SPR1338"
"SM448","SPR1338"
"SM449","SPR1338"
"SM45","SPR1030"
"SM451","SPR1338"
"SM457","SPR1338"
"SM46","SPR1030"
"SM463","SPR1338"
"SM464","SPR1338"
"SM47","SPR1030"
"SM470","SPR1338"
"SM476","SPR1338"
"SM48","SPR1030"
"SM483","SPR1338"
"SM49","SPR1030"
"SM490","SPR1712"
"SM491","SPR1338"
"SM492","SPR1338"
"SM493","SPR1338"
"SM494","SPR1338"
"SM495","SPR1338"
"SM496","SPR1338"
"SM497","SPR1783"
"SM498","SPR1338"
"SM499","SPR1338"
"SM5","SPR869"
"SM50","SPR1030"
"SM500","SPR1338"
"SM501","SPR1338"
"SM502","SPR31"
"SM503","SPR1783"
"SM504","SPR1338"
"SM505","SPR1338"
"SM506","SPR1242"
"SM507","SPR1338"
"SM508","SPR1783"
"SM509","SPR1338"
"SM51","SPR1030"
"SM510","SPR1338"
"SM511","SPR1338"
"SM512","SPR31"
"SM513","SPR1338"
"SM514","SPR1338"
"SM515","SPR1338"
"SM516","SPR1338"
"SM517","SPR1338"
"SM518","SPR1338"
"SM519","SPR1338"
"SM52","SPR1030"
"SM520","SPR1338"
"SM521","SPR1338"
"SM522","SPR1338"
"SM523","SPR1609"
"SM524","SPR34"
"SM525","SPR1338"
"SM526","SPR1338"
"SM527","SPR1338"
"SM528","SPR1338"
"SM53","SPR1030"
"SM530","SPR1338"
"SM531","SPR1783"
"SM533","SPR1338"
"SM534","SPR2180"
"SM535","SPR1338"
"SM537","SPR1338"
"SM538","SPR1338"
"SM539","SPR1242"
"SM54","SPR988"
"SM540","SPR1338"
"SM541","SPR1338"
"SM542","SPR1338"
"SM543","SPR1067"
"SM545","SPR1338"
"SM546","SPR1338"
"SM55","SPR1779"
"SM550","SPR2137"
"SM551","SPR2"
"SM551","SPR3"
"SM553","SPR51"
"SM555","SPR1338"
"SM556","SPR37"
"SM557","SPR1338"
"SM558","SPR1338"
"SM559","SPR1783"
"SM56","SPR497"
"SM560","SPR1338"
"SM561","SPR1338"
"SM562","SPR1338"
"SM563","SPR1338"
"SM564","SPR1338"
"SM565","SPR895"
"SM566","SPR1338"
"SM567","SPR41"
"SM568","SPR1338"
"SM569","SPR1338"
"SM57","SPR1783"
"SM571","SPR1338"
"SM572","SPR1776"
"SM573","SPR1338"
"SM574","SPR1338"
"SM575","SPR1338"
"SM576","SPR1338"
"SM577","SPR1338"
"SM578","SPR1338"
"SM579","SPR1338"
"SM58","SPR1523"
"SM580","SPR1338"
"SM581","SPR1338"
"SM582","SPR1338"
"SM583","SPR1338"
"SM584","SPR1338"
"SM585","SPR1338"
"SM586","SPR34"
"SM587","SPR1712"
"SM588","SPR1338"
"SM589","SPR1713"
"SM59","SPR1523"
"SM590","SPR1338"
"SM591","SPR1338"
"SM592","SPR2180"
"SM593","SPR1338"
"SM594","SPR1338"
"SM595","SPR1338"
"SM596","SPR1521"
"SM597","SPR1338"
"SM598","SPR1338"
"SM599","SPR1338"
"SM6","SPR869"
"SM60","SPR2054"
"SM600","SPR1338"
"SM601","SPR1338"
"SM603","SPR1338"
"SM604","SPR1061"
"SM605","SPR1338"
"SM606","SPR1338"
"SM607","SPR1338"
"SM608","SPR529"
"SM609","SPR1338"
"SM61","SPR1523"
"SM610","SPR1338"
"SM611","SPR1338"
"SM612","SPR1712"
"SM613","SPR294"
"SM614","SPR1338"
"SM615","SPR1338"
"SM616","SPR1338"
"SM617","SPR1338"
"SM618","SPR1338"
"SM619","SPR1338"
"SM62","SPR983"
"SM620","SPR2137"
"SM621","SPR528"
"SM622","SPR1338"
"SM624","SPR1338"
"SM625","SPR1242"
"SM626","SPR1338"
"SM627","SPR1803"
"SM628","SPR1188"
"SM629","SPR1187"
"SM63","SPR1523"
"SM630","SPR1338"
"SM631","SPR1338"
"SM632","SPR1223"
"SM633","SPR1065"
"SM634","SPR1338"
"SM635","SPR1338"
"SM636","SPR1030"
"SM637","SPR1783"
"SM638","SPR1338"
"SM639","SPR2137"
"SM64","SPR980"
"SM640","SPR1338"
"SM641","SPR1338"
"SM642","SPR1338"
"SM643","SPR1065"
"SM644","SPR1338"
"SM645","SPR1338"
"SM646","SPR2134"
"SM647","SPR2134"
"SM648","SPR2134"
"SM649","SPR1336"
"SM65","SPR1338"
"SM651","SPR1338"
"SM652","SPR1711"
"SM653","SPR1338"
"SM655","SPR1338"
"SM656","SPR2"
"SM656","SPR3"
"SM657","SPR1338"
"SM658","SPR1338"
"SM659","SPR1338"
"SM66","SPR869"
"SM660","SPR1338"
"SM661","SPR2137"
"SM662","SPR1338"
"SM663","SPR1712"
"SM664","SPR1783"
"SM665","SPR528"
"SM666","SPR1342"
"SM667","SPR1341"
"SM668","SPR1338"
"SM669","SPR1338"
"SM67","SPR892"
"SM670","SPR1338"
"SM671","SPR1338"
"SM672","SPR1338"
"SM673","SPR1338"
"SM674","SPR1783"
"SM675","SPR527"
"SM676","SPR1338"
"SM677","SPR929"
"SM678","SPR1064"
"SM679","SPR1338"
"SM68","SPR1338"
"SM680","SPR1713"
"SM682","SPR1338"
"SM683","SPR1784"
"SM684","SPR1065"
"SM685","SPR1065"
"SM686","SPR1338"
"SM687","SPR1338"
"SM688","SPR1154"
"SM689","SPR34"
"SM69","SPR1338"
"SM690","SPR34"
"SM691","SPR1783"
"SM692","SPR1154"
"SM693","SPR31"
"SM694","SPR2097"
"SM695","SPR1781"
"SM696","SPR2097"
"SM697","SPR1779"
"SM698","SPR2134"
"SM699","SPR29"
"SM7","SPR27"
"SM70","SPR1514"
"SM700","SPR33"
"SM701","SPR1780"
"SM702","SPR31"
"SM703","SPR1773"
"SM704","SPR34"
"SM705","SPR1338"
"SM706","SPR26"
"SM707","SPR1065"
"SM708","SPR1243"
"SM709","SPR1338"
"SM71","SPR1514"
"SM710","SPR1338"
"SM711","SPR1711"
"SM712","SPR1061"
"SM713","SPR1338"
"SM714","SPR1069"
"SM715","SPR1338"
"SM716","SPR1800"
"SM717","SPR1800"
"SM718","SPR1061"
"SM719","SPR1065"
"SM720","SPR1068"
"SM721","SPR1338"
"SM722","SPR415"
"SM723","SPR1649"
"SM724","SPR1338"
"SM725","SPR2137"
"SM726","SPR1338"
"SM727","SPR1062"
"SM728","SPR1338"
"SM729","SPR527"
"SM73","SPR1338"
"SM730","SPR2137"
"SM731","SPR1338"
"SM732","SPR1061"
"SM733","SPR1061"
"SM734","SPR1338"
"SM735","SPR1061"
"SM736","SPR1783"
"SM737","SPR1463"
"SM738","SPR2135"
"SM739","SPR1338"
"SM74","SPR991"
"SM740","SPR1338"
"SM741","SPR1338"
"SM742","SPR1338"
"SM743","SPR1339"
"SM744","SPR1338"
"SM745","SPR1338"
"SM746","SPR1338"
"SM747","SPR1338"
"SM748","SPR1061"
"SM749","SPR529"
"SM75","SPR990"
"SM750","SPR871"
"SM751","SPR1783"
"SM752","SPR1806"
"SM753","SPR1338"
"SM754","SPR1338"
"SM755","SPR36"
"SM756","SPR742"
"SM757","SPR1305"
"SM758","SPR1305"
"SM759","SPR2098"
"SM76","SPR2199"
"SM760","SPR2098"
"SM761","SPR421"
"SM762","SPR421"
"SM765","SPR421"
"SM766","SPR421"
"SM768","SPR421"
"SM769","SPR421"
"SM77","SPR2134"
"SM770","SPR421"
"SM771","SPR421"
"SM772","SPR421"
"SM773","SPR421"
"SM774","SPR421"
"SM775","SPR421"
"SM776","SPR421"
"SM777","SPR421"
"SM779","SPR421"
"SM78","SPR2199"
"SM780","SPR421"
"SM781","SPR421"
"SM782","SPR421"
"SM783","SPR421"
"SM784","SPR421"
"SM785","SPR421"
"SM786","SPR421"
"SM787","SPR421"
"SM788","SPR421"
"SM789","SPR421"
"SM79","SPR2"
"SM79","SPR3"
"SM790","SPR421"
"SM791","SPR421"
"SM792","SPR421"
"SM793","SPR421"
"SM794","SPR421"
"SM795","SPR421"
"SM796","SPR421"
"SM797","SPR421"
"SM798","SPR421"
"SM799","SPR421"
"SM8","SPR2054"
"SM80","SPR1784"
"SM800","SPR421"
"SM801","SPR421"
"SM802","SPR421"
"SM804","SPR421"
"SM805","SPR421"
"SM806","SPR421"
"SM807","SPR421"
"SM808","SPR421"
"SM809","SPR421"
"SM81","SPR2284"
"SM810","SPR421"
"SM811","SPR421"
"SM812","SPR421"
"SM813","SPR421"
"SM814","SPR421"
"SM816","SPR2"
"SM816","SPR3"
"SM817","SPR1438"
"SM818","SPR2"
"SM818","SPR3"
"SM819","SPR1438"
"SM82","SPR1064"
"SM820","SPR1099"
"SM821","SPR1099"
"SM822","SPR1099"
"SM823","SPR1099"
"SM824","SPR2"
"SM824","SPR3"
"SM825","SPR2"
"SM825","SPR3"
"SM826","SPR948"
"SM827","SPR5"
"SM828","SPR2"
"SM828","SPR3"
"SM829","SPR2"
"SM829","SPR3"
"SM83","SPR993"
"SM831","SPR2"
"SM831","SPR3"
"SM832","SPR1314"
"SM833","SPR983"
"SM834","SPR30"
"SM835","SPR259"
"SM836","SPR988"
"SM837","SPR1377"
"SM838","SPR1335"
"SM839","SPR1335"
"SM84","SPR1335"
"SM840","SPR323"
"SM841","SPR2123"
"SM842","SPR1200"
"SM843","SPR214"
"SM844","SPR2137"
"SM845","SPR1375"
"SM846","SPR2137"
"SM847","SPR1335"
"SM848","SPR841"
"SM849","SPR842"
"SM85","SPR2137"
"SM850","SPR842"
"SM851","SPR842"
"SM852","SPR605"
"SM853","SPR842"
"SM854","SPR605"
"SM855","SPR606"
"SM856","SPR2069"
"SM858","SPR2123"
"SM859","SPR1063"
"SM86","SPR2135"
"SM860","SPR2"
"SM860","SPR3"
"SM861","SPR2"
"SM861","SPR3"
"SM862","SPR2054"
"SM863","SPR2054"
"SM864","SPR2054"
"SM865","SPR2054"
"SM866","SPR986"
"SM867","SPR2"
"SM867","SPR3"
"SM868","SPR1731"
"SM869","SPR1375"
"SM87","SPR2137"
"SM870","SPR1244"
"SM871","SPR2"
"SM871","SPR3"
"SM872","SPR2"
"SM872","SPR3"
"SM873","SPR1376"
"SM874","SPR2125"
"SM875","SPR1618"
"SM876","SPR1049"
"SM877","SPR1049"
"SM878","SPR1049"
"SM88","SPR76"
"SM880","SPR825"
"SM881","SPR1919"
"SM882","SPR2"
"SM882","SPR3"
"SM883","SPR2"
"SM883","SPR3"
"SM884","SPR2"
"SM884","SPR3"
"SM885","SPR2"
"SM885","SPR3"
"SM886","SPR2"
"SM886","SPR3"
"SM887","SPR2"
"SM887","SPR3"
"SM888","SPR2"
"SM888","SPR3"
"SM889","SPR692"
"SM890","SPR992"
"SM892","SPR1336"
"SM893","SPR1035"
"SM894","SPR1335"
"SM895","SPR2124"
"SM896","SPR1336"
"SM897","SPR314"
"SM898","SPR2"
"SM898","SPR3"
"SM899","SPR1283"
"SM9","SPR1783"
"SM90","SPR2054"
"SM900","SPR769"
"SM901","SPR982"
"SM902","SPR1336"
"SM903","SPR1338"
"SM904","SPR987"
"SM905","SPR177"
"SM906","SPR870"
"SM907","SPR873"
"SM908","SPR6"
"SM909","SPR2077"
"SM91","SPR1336"
"SM910","SPR2"
"SM910","SPR3"
"SM911","SPR1025"
"SM912","SPR2064"
"SM913","SPR2064"
"SM914","SPR2064"
"SM915","SPR2063"
"SM916","SPR2064"
"SM917","SPR2064"
"SM918","SPR2066"
"SM919","SPR2066"
"SM92","SPR871"
"SM920","SPR2066"
"SM921","SPR2066"
"SM922","SPR2066"
"SM923","SPR2066"
"SM924","SPR1340"
"SM925","SPR1336"
"SM926","SPR1336"
"SM927","SPR1336"
"SM928","SPR1336"
"SM929","SPR1336"
"SM93","SPR871"
"SM930","SPR1336"
"SM931","SPR1336"
"SM933","SPR1336"
"SM934","SPR1336"
"SM935","SPR1336"
"SM936","SPR1336"
"SM937","SPR1336"
"SM938","SPR1336"
"SM939","SPR1336"
"SM94","SPR874"
"SM940","SPR1336"
"SM941","SPR1336"
"SM942","SPR1336"
"SM943","SPR1336"
"SM944","SPR1336"
"SM945","SPR1336"
"SM946","SPR1336"
"SM947","SPR1336"
"SM948","SPR1336"
"SM949","SPR1336"
"SM95","SPR869"
"SM950","SPR1336"
"SM951","SPR1336"
"SM952","SPR1336"
"SM953","SPR1336"
"SM954","SPR1336"
"SM955","SPR1336"
"SM956","SPR1336"
"SM957","SPR1336"
"SM958","SPR1336"
"SM959","SPR1336"
"SM96","SPR869"
"SM960","SPR1336"
"SM961","SPR1336"
"SM962","SPR1338"
"SM963","SPR1338"
"SM964","SPR1338"
"SM965","SPR1344"
"SM967","SPR1239"
"SM968","SPR1245"
"SM969","SPR1245"
"SM97","SPR869"
"SM970","SPR1245"
"SM971","SPR1245"
"SM972","SPR843"
"SM973","SPR799"
"SM974","SPR885"
"SM975","SPR882"
"SM976","SPR2126"
"SM977","SPR885"
"SM978","SPR885"
"SM979","SPR882"
"SM98","SPR1061"
"SM980","SPR882"
"SM981","SPR885"
"SM983","SPR885"
"SM984","SPR885"
"SM986","SPR885"
"SM987","SPR885"
"SM988","SPR885"
"SM989","SPR885"
"SM99","SPR1065"
"SM991","SPR885"
"SM992","SPR882"
"SM993","SPR886"
"SM995","SPR885"
"SM996","SPR887"
"SM997","SPR887"
"SM998","SPR885"
"SM999","SPR885"
