1,Finjan (Heb),פינג'אן,"הרוּח נוֹשבת קרירה, נוֹסיפה קיסם למדוּרה - וכּך, בּזרוֹעוֹת ארגמן,"
2,For Three Transgressions (Heb),על שלוש עבירות (עבֿרית),"על שלוש עבירות נשים מתות בשעת לידתן, על שאנינן זהירות..."
3,"Forgive Me, O My Lord (Heb)",סלח נא לי ה',
4,Forgotten Melody (Heb),מנגינה נשכּחת (עבֿרית),
5,Forn Forstu Fun Mir Avek (Heb),פאָרן פֿאָרסו פֿון מיר אַװעק (עבֿרית),
6,Forward My People (Heb),קדימה עמי,
7,Fun Geto (Heb),פֿון געטאָ (עבֿאית),"נו, לױף געשטינד שױן, מיריאַמל, מײַן טײַערע,"
8,Gad Gidi (Heb),גד גדיי (יבֿרית),"אבּא שׁב מן היריד, קנה רע לי וידיד, ואמרתּם: מי ומי? --"
9,Gadlu Lehashem (Heb),גדלו לשם אתי (עבֿרית),גדלו לשם אתי ונרוממה שמו יחדיו.
10,Galeh Kvod (Heb),גלה כּבוד (עבֿרית),
11,Gali Yam (Hebrew),גלי ים,גלי גלי גלי ים סירתי עולה יורדת אימתי נבוא לחוף
12,"Galil (Heb, Chajes)",גליל (יבֿרית),בּגליל העליון גלשו עזים מהר עצמון.
13,Gam Hapa'am (Once More (Heb),גם הפּעם (עבֿרית),
14,Gamal Gemali (Heb),גם כּי אלך (עבֿרית),
15,,גמל גמלי (עבֿרית),"גמל גמלי, גמל גמלי, חבר אתה לי בּזיפזיף, גמל גמלי, גמל גמלי"
16,Gamal Gemali (Heb),גמל גמלי (עבֿרית),"גמל גמלי, גמל גמלי, חבר אתה לי בּזיפזיף, גמל גמלי, גמל גמלי"
17,"Gamelet (The Camel, Heb)",גמלת,"אורחה בּלב ציא צועדת, מאן לאיזה חוף נודדת. יום וליל עוברה..."
18,Gan Hashikmim (Heb),גן השׁקמימ (עבֿרית),היה היוּ כּאן פּעם שׁקמים חוֹלוֹת מסביב וגם נוֹף העיר תּל-אביב שׁל..
19,Geshem (Heb),גשם (עבֿרית),
20,"Geshem, Kadish (Heb)","גשם, קדיש (יבֿרית)",
21,Gevatron Medley Belz (Heb),גבעטרון מחרזות בעלז (עבֿרית),
22,Gevatron Medley Sinot Yaldut (Heb),גבעטרון מחרזות שׂהות ילדות (עבֿרית),
23,Gevatron Medley Tshiribim (Heb),גבעטרון מחרזות טשיריבים (עבֿרית),
24,Gilu Hagalilim (Heb),גילוּ הגלילים,"גילוּ הגלילים גבּוֹרי החיל, שׂישׂוּ ושׂמחוּ יוֹים וליל."
25,Givat Hatskhmoshet (Heb),גבעת התחמשׂת (עבֿרית),
26,Gloria Mundi (Heb),גלוריה מונדי,"עשׂימו אתּ הרע למדנו לקלל, הדלקנו אש קטנה שיחקנו לא בּצל"
27,Got Fun Avrom (Secunda),גאָט פֿון אַבֿרהם (סעקונדאַ),"אוֹי, סבּתּא לא לאלקי אברהם"", מדוּע נחפּזתּ כּה לוֹמר,"""
28,Grandfather's Song (Heb),שירו של סבא (עבֿרית),
29,"Ha'alma (The Maiden, Heb)",העלמה (עבֿרית),"דם טותה העלמה בפלך, חוט שני כרימון שחוט, ואמר בלבכו המלך,"
30,Ha'aminey Yom Yavo (Heb),האמיני יום יבוא (עבֿרית),
31,Ha'eer Be'afor (Heb),העיר באפור (עבֿרית),
32,Ha'oniot Agnu Bemalta,האניותּ עגנו בּמלטה,"האניותּ עגנו בּמלטה, עלום רחבֿ פמים זרותּ,"
33,Habeyn Yakir Li (Heb),הבּן יקיר לי,"הבּן יקיר לי, יקיר לי אפרים, אים ילש שע שעשוים..."
34,Habeyn Yakir Li (Heb),הבּן יקיר לי,"הבּן, הבּן יקיר לי, יקיר לי אפרים אים, אים ילש שע שע שעשוים..."
35,Haderekh L'eylat,הדרך לאילת,"קצת דרוֹמה מבאר-שבא רוּח בּמדבּר נוֹשבת, שביל בּערבה ירד."
36,Haderekh L'eylat,הדרך לאילת,"הי דרוֹמה לאילת, קצת דרוֹמה מבאר-שבא רוּח בּמדבּר נוֹשבת,"
37,Hadibuk (Heb),הדיבוק (עבֿרית),
38,Hadliku Neyrot (Heb),הדליקו נרות,
39,Hafle Va'fele,הפלה ופלא,"וּמשה הכּה על צוּר, בּמטה הכּה על סלא--סלא, בּמטה הכּה על סלא..."
40,Hagdi She'avad (Heb),ישׂמח הר-ציוֹן (תהלים מח),"ישׂמח הר-ציוֹן תּגלנה בּנוֹת יהוּדה למען משפּטיך,"
41,Hagdi She'avad (Heb),ישׂמח הר-ציוֹן (תהלים מח),
42,"Hagez (The Wool, Gozu Gez, Heb)","הגז (גוזו גז, עבֿרית)","לבכּשׂה זמרו נא זמר, שיר לדז ושיר לצמר! דוזו גז, גוזו גז,"
43,Hagidu Khevre (Heb),הגידו חבריא (עבֿרית),
44,"Hahelekh (The Wanderer, Heb)",ההלך (עבֿרית),באשר ההלך שם ביתי שם סובכת דלתי טווה פניו בפלך...
45,"Haifa (Shalmoni, Heb)","חיפה (שאַלמאָני, עבֿרית)",
46,Hakerem (Heb),הכּרם (יבֿרית),
47,Hakhagiga Nigmeret (Heb),החגיגה נגמרת (עבֿרית),
48,Hakhagiga Nigmeret (Heb),החגיגה נגמרת (עבֿרית),ולפעמים החגיגה נגמרת כבוי אורות החצוצרה אומרת החצוצרה...
49,Hakhnisini Takhat Knafekh (Heb),הכניסיני תחת כּנפך,"הכיסיני תּחת כּנפך, והיי לי אם ואהוֹת, ויהי חיקך מקלט ראשי,"
50,Hakol Biglal Masmer (Heb),בּגלל מסמר (עבֿרית),
51,"Hakotel (The Wall, Heb)",הכּותל,"הכּתל - אזוֹב ועצבת, הכּתל - עוֹפרת ודם. יש אנשים עם לב של אבן,"
52,"Hakotel (The Wall, Heb)",הכּותל,עמדה נערה מוּל הכּתל שפתים קרבּה ןסנטר.
53,Hakrav Ha'Akharon (Heb),הקרב האחרון (עברית),"רוּח אט נשׁב, תּנוּע הצמרת, וּבחלוֹנך גוֹוע אוֹר הנר,"
54,Haku Batof (Heb),חג האור,
55,Hal'a Yardeyn (Heb),הלאה ירדן,הלאה ירדן הלאה זל! יהמוּ גליך. עלי גדוֹתיך שטף וגל חלאת ארצך!
56,Halayla Aravti (Heb),בּשל תפּוח (עבֿרית),
57,Halayla Avar (Heb),הלילה עבר (עבֿרית),
58,Halayla Holekh Bashderot (Heb),הלילה הולך בּשׂדרות (עבֿרית),
59,"Halben (Cleanse Us Of Sins, Heb)",הלבּן,
60,"Haleloo (Song Of The Bum, Heb)","הללו (זמר נודד, עבֿרית)","הדרך ארוכּה היא ורבּת הדר, כּולם הולכים בּדרך עד סופה המר,"
61,"Haleloo (Song Of The Bum, Heb)","הללו (זמר נודד, עבֿרית)",
62,Haleluka (Heb),"הללויה (עבֿרית)""","הללויה לה"" (4), הללויה הללוי את שם ה"" הללו עבדי ה"""""
63,"Haleluya (Days Of Awe, Heb)","הללוּיה (ימים הנורים, יבֿרית)","הללוּיה. הללוּ-אל בּקדשׁוֹ, הללוּהוּ בּרקיע עזוֹ: הללוּהוּ בּדבוּרתיו,"
64,"Haleluya (Giladi, Heb)",הלליוה (עבֿרית),
65,Haleluya (Heb Pop Song),הללויה,
66,Haleluya (Heb),הללויה,
67,"Haleluya (Heb, Ephros)","הללויה (עבֿרית, עפֿראָס)",
68,"Haleluya (Psalm 150, Nowakowsky","הללויה (תהלים קנ, נאָװאָקאָסקי)",
69,"Haleluya (Shabos, Heb)",הללויה,
70,"Haleluya (Zmire, Heb)","הללויה (זמירה, עבֿרית)",
71,Haleluya Betseltseli Trua (Heb),הללויה בּצלצלי תרועה (עבֿרית),"הללויה, הללויה, בּצלצלי...הללוי, הללויה, בּצלצלי תרועה"
72,Haleluya Lakapap (Heb),"הללוה לקפּפּ""",
73,Halikha Lekesariya (Heb),הליכה לקיסריה,"אלי אלי שלא יגמר לעוֹלם החוֹל והים, רשרוּש של המים,"
74,Halikha Lekesariya (Heb),הליכה לקיסריה,
75,"Hallel (Heb, Malavsky)","הלל (מאַלאַװסקי, עבֿרית)",
76,Hamaavir Bonov (Heb),המעביר בּנוו,המעביר בּניו בּין גורי ים-סוּף את-רוֹדפיהם ואת-שׂונאיהם בּתהמות...
77,Hamaavir Bonov (Heb),המעביר בּניו,המעביר בּניו בּין גורי ים-סוּף את-רוֹדפיהם ואת-שׂונאיהם בּתהמות...
78,"Hamakhlaka Ha'aravit (Sketch, Heb)",המחלקה הערבית,
79,Hamakhshefa (Hebrew),המכשפה,"יונה היתי ילדה יפה, ילדה יפה. אז באה המכשפה, מכשפה, מכשפה,"
80,Hamangina (Heb),המנגינה,
81,Hamavdil (Rosenblatt),המבדיל (ראָזענבלאַט),"המבדיל בּין קדש לחוֹל חטאתימו. הוּא ימחול, זרענוּ וכספנוּ..."
82,Hamavdil,המבדיל,"המבדיל בּין קדש לחוֹל חטאתימו. הוּא ימחול, זרענוּ וכספנוּ..."
83,Hamavdil (Taub),המבדיל (טאוב),"המבדיל בּין קדש לחוֹל חטאתימו. הוּא ימחול, זרענוּ וכספנוּ..."
84,Hamavdil (Shaul),המבדיל (שאול),"המבדיל בּין קדש לחוֹל חטאתימו. הוּא ימחול, זרענוּ וכספנוּ..."
85,Hamavdil (Kalib),המבדיל (קאַליב),המבדיל בּין קדשׁ לחוֹל. חטאתימוּ ימחול.
86,Hamavdil (Shenker),המבדיל (שענקער),"המבדיל בּין קדש לחוֹל חטאתימו. הוּא ימחול, זרענוּ וכספנוּ..."
87,Hamavdil (Solomon),המבדיל (סאָלאָמאָן),"המבדיל בּין קדש לחוֹל חטאתימו. הוּא ימחול, זרענוּ וכספנוּ..."
88,Hamelakh Gabriel (Heb),המלח גבּריאל,
89,Hamelekh (Heb),המלך (עבֿרית),
90,Hamepelim (Heb),המעפּילים (עבֿרית),
91,Hamotsi Et Ishto (Heb),המוציא את אשתו (עבֿרית),"המוציא את אשתו משום איילומית - רבּי יהודה אמור, לא יחזיר."
92,Hana'ava Babanot (Heb),הנאוה בּבּנוֹת,"הנאוה בּבּנוֹת, אנא האירי פֿניך אלי. בּוֹא דוֹךי כּח יפית."
93,Haneshoma Lokh (Heb),הנשמה לך (עבֿרית),
94,Haneshomo Yoredes (Heb),הנשמה יורדת (עבֿרית),"הנשמה יורדת לתוך הגוף, צועקת וי וי וי, צועקת וי וי וי,"
95,Hanesikha Vehatsfardea (Heb),הנסיכה והצפרדע,
96,Haneyr,הנר,
97,Haneyros Halalu,הנרוֹת הללוּ,"הנרוֹת הללוּ אנחנוּ מדליקין, על הנסים ואל התּשעוֹת ועל הנפלאוֹת.."
98,Haneyros Halalu,הנרוֹת הללוּ,"הנרוֹת הללוּ אנוּ מדליקין, על הנסים ואל התּשעוֹת ועל הנפלאוֹת..."
99,Haneyrot Halalu,הנרוֹת הללוּ,"הנרוֹת הללוּ אנחנוּ מדליקין, על הנסים ואל התּשעוֹת ועל הנפלאוֹת.."
100,Haneyrot Halalu,הנרוֹת הללוּ,"הנרוֹת הללוּ.......מדליקין, על הנסים ועל הנפלאוֹת.."
101,Hanzl Vegretl (Heb),הנזל וגרטל,
102,"Haolam (The World, Heb)",העולם (עבֿרית),
103,Haolam Kulo Negudeynu (Heb),העולם כּולו נגדנו,
104,Hapakid Vehanesikha (Heb),הפּקיד והנסיכה,
105,Haperakh Leparpar (Heb),הפּרח לפּרפּר (עבֿריתּ),"פּרפּר, פּרפּר, פּרח חי, רד-נא מהר, שׁב עלי."
106,Hapruta Vehayereakh (Heb),הפּרוטה והירח,
107,Harakevet (Heb),הרכהת,אכבה לי את הנר אעל על משכבי עוד מעט עוד מזער יבוא בחיר לבבי.
108,"Hareut (Heb, Camaraderie)",הרעות (עבֿרית),
109,"Haroshonim (The First Ones, Heb)",הראשונים (עבֿרית),
110,Harvest Song Medley (Heb),מחרוזת אסיף (עבֿרית),
111,Hasam Nafsheynu (Heb),השׂם נפשׁנו (עבֿרית),
112,"Hasela Ha'adom (The Red Rock, Heb)",הסלא האדום,
113,"Haserenade (The Serenade, Heb)",הסרנדה,
114,Hashamayim (Heb),השמים (עבֿרית),
115,Hashem Melekh (Heb),ה' מלך (עבֿרית),"ה' מלך, ה' מלך, ה' ימלוך לעולם ועד."
116,El Yivne Hagalil (Heb),אל יבנה הגליל,"אל יבנה הגליל (3), בּרוך יבנה הגליל,"
117,Ele Khamda Libi (Heb),אלה חמדה ליבּי,אלה חמדה ליבּי וחוּסה נא ואל תּתעלם.
118,Elent Fun Ale Beymer Vayt,עלמט פֿון אַלע בײמער װײַט,
119,Erev Ba,ערב בּא,"שוב העדר נוהר, בּמבואות הכּפר ועולה האבק, משבילי עפר."
120,Eliyahu Hanovi,אליהוּ הנביא,
121,Eliyahu Hanovi (Kranzler),אליהוּ הנביא (קרנצלר),"אליהוּ הנביא, אליהו התּשבּי, אליהוּ, אליהוּ, אליהוּ הגלעדי,"
122,Emek (Heb),עמק (עבֿרית),
123,Emek Sheli (Heb),עמק שלי (עבֿרית),
124,Ets Harimon,עץ הרמון,
125,Eliyahu Hanovi,אליהוּ הנביא,"אליהוּ הנביא, אליהו התּשבּי, אליהוּ הגלעדי, בּמהרה בּימינו יבא..."
126,Eliyahu Hanovi,אליהוּ הנביא,"אליהוּ הנביא, אליהו התּשבּי, אליהוּ, אליהוּ, אליהוּ הגלעדי,"
127,Erev Shel Shoshanim,ערב של שוֹשנים,ערב של שוֹשנים נצא נא אל הבּסתּן מוֹר בּשׂמים וּלבוֹנה לרגלך מפתּן.
128,Esof Et Ha'ma'asim (Heb),אסוף את המעשׂים (עבֿרית),
129,Et Sha'are Rotson (Heb),עת שׁערי רצוֹן (עבֿרית),
130,Dugit (Heb),דוּגית (עבֿרית),דוּגית נוֹסעת מפרשׂיה שמים וּמלחיה -- נרדמוּ כּלם.
131,Efsher Yo Un Efsher Neyn (Heb),אפֿשר יאָ און אפֿשר נײן (עבֿרית),"עוד יש אהבה בליבע גם אם קצט הדופק נחלש, הביטו עמוק בעיניט"
132,Ekhad Mi Yodaya (Heb),אחד מי יוֹדע,
133,El Dar Rom Shokhen Ad (Heb),אל דר רום שׁוכן עד (עבֿרית),אל דר רום שׁוכן עד  את שׁמך קדשׁ ומלוך ליולם עד ובטובך חדשׁ.
134,El Erets Tova (Heb),אל ארץ טובה (עבֿרית),
135,El Hanegev,אל הנגב,
136,El Hatsipor (Heb),"אל הצפּור, (עבֿרית)","שלום רב שוּבך, צפּורה נחמדת, מארצוֹת החם אל-חלוֹמי--"
137,El Mole Rakhamin (Heb),אל מלא רחמים (עבֿרית),
138,Ets Khaim (Heb),עץ חיים,עץ חיים היא למחזיקים בה ותומכיה מארשר דרכיה דרכי נעם וכל...
139,Ets Khaim (Heb),עץ חיים,
140,Eyn Li Rega Dal (Heb),אין לי רגע דל (עבֿרית),
141,Eyshes Khayil (Composer ?),אשת חיל (קאָמפּאָזיװאָר ?),אשת חיל מי ימצא ורחק מפּנינים מכרה בּטה בּה לב בּעלה ושלל לא...
142,Finjan (Heb),פינג'אן,"הרוּח נוֹשבת קרירה, נוֹסיפף עוד קיסם למדורה וכך בּזרועות ארגמן,"
143,"Hashikhrur (Demobilization, Heb)",השחרור (עבֿרית),אין בעולם לא חייל לא חיילת שאינם שואפים אל היום המקווה
144,Hashir Shehaleviyim (Heb),השׁיר שׁהלויים (עבֿרית),
145,Hashivenu (Heb),השיבנו (עבֿרית),
146,Hashivenu Hashem Elekha (Heb),השיבנו ד' אליך,השיבנו ד' אליך ומשובה חדש ימינו כּקדם
147,Hashkifa (Heb),השקיפה (עבֿרית),
148,Hashkiveynu (Heb),השכּיבנוּ,השכּיבנוּ אבינוּ לשלוֹם. והימידנוּ מלכּנוּ לחיים טוֹבים וּלשלוֹם
149,Hashkiveynu (Heb),השכּיבנוּ,השכּיבנוּ יהיה אלהינוּ לשלוֹם והימידנוּ מלכּנוּ לחיים.
150,Hashkiveynu (Heb),השכּיבנוּ,השכּיבנוּ יי אלהינוּ לשלוֹם והימידנוּ מלכּנוּ לחיים.
151,Hashkiveynu (Heb),השכּיבנוּ,
152,Hatapuz Vetakhanat Haruakh (Heb),התפּוז ותחנת הרוח,
153,Hatey (Heb),הטה (עבֿרית),"הטה ה' אזנך ענני כּי עני ואביון אני, שמרה נפשי כּי חסיד אני,"
154,Hatikva,התקוה,"כּל עוֹד בּלבב פּנימה, נפש יהוּדי הוֹמיה. וּלפאתי מזרח קדימה עין…"
155,Hatikva,התקוה,
156,Hatikvah Quarter (Heb),שכונה התקוה,
157,Hatizikor (Heb),ערץ זבת חלב (בּמדבּר שלך),
158,"Hausner, Gideon (Heb, Speech)","האוזנער, דר גדעון (עבֿרית)""",
159,Hava Nagila (Nathanson),הבה נגילה,
160,Hava Nagila (Nathanson),הבה נגילה,"הבה נגילה ושׂמחה. הבה נרננה, ונשׂמיה. עורוּ אחים בּלב שׂמח."
161,Hava Nagila (Nathanson),הבה נגילה,"הבה נגילה ושׂמחה. הבה נרננה, ונשׂמחה. עורוּ אחים בּלב שׂמח."
162,Hava Nagila (Nathanson),הבה נגילה,"הבה נגילה ונשׂמחה. הבה נרננה, ונשׂמחה. עורוּ אחים בּלב שׂמח."
163,"Hava Nagila (Heb, Medley)",הבה נגילה,"הבה נגילה ושׂמחה. הבה נרננה, ונשׂמיה. עורוּ אחים בּלב שׂמח."
164,Hava Netse Bemakhol,הבה נצא בּמחוֹל,"הבה נצא בּמחוֹל, הבה נצא בּמחוֹלות. ילל, יללי."
165,Hava Netse Bemakhol,הבה נצא בּמחוֹל,"ילל, יללי. ...הבה נצא בּמחוֹל, הבה נצא בּמחוֹלות."
166,Having Drunk Of The Wine...(Heb),אירי ששתינו מן היין...,
167,Havu Lanu Yayin (Heb),הבו לנו יין (עבֿרית),"הבו לנו יין יין, לא שתינו עוד עדיין,"
168,Havu Leveynim (Heb),הבו לבנים (עבֿרית),
169,Hay'ee Shalom Molatadti (Heb),היי שלום מולדתי (עבֿרית),
170,"Haya Hu Afor (He Was Grey, Heb)",היה הוּא אפור,"היה הוּא אפר ושוֹתק ואין לוֹ דבר בּעינים, לבד מאוֹתוֹ המבּט --"
171,Hayarden (Heb),הירדן,"הלאה, ירדן, הלאה שוֹל! יהמוּ גליה, אלי גדוֹתיך שׁטוֹף וגל"
172,Hayarden 02 (Heb),הירדן 02 (עבֿרית),
173,Hayi Shalom Molatedti (Heb),זשאַמעלע,
174,Hayishivu Hi Khayenu (Heb),הישיבה היא חיינו (עבֿרית),
175,Hayita Tsi'era Bakineret (Heb),היתה צעירה בּכּנרת (עבֿרית),
176,Hayn Yatsnu Basakh (Heb),הן יצאמוּ בּסך (עבֿרית),"הן יצאנוּ בּסח עליזים, יזים, לנתיבה רחוֹקה."
177,Hayom (Heb),הים (עבֿרית),הים ראה ונים הירדן יסוב לאחור ההרים רקדי באילים גבורות...
178,Hayom Efshar Lashir (Heb),היום אפשר לשיר (עבֿרית),
179,Hayom Haras Olam (Heb),היוֹם הרת עולם (עבֿרית),היוֹם הרת עוֹלם. היוֹם יעמיד בּמשׁפּט כּל-יצוּרי עוֹלמים.
180,Hayom Haras Olam (Heb),היוֹם הרת עולם (עבֿרית),
181,Hayom Harat Olam (Heb),היום הרת עולם,
182,Hayom Ro'oh Va'uinoym (Heb),הים ראה וינם,
183,Hayom Tamtseynu (Heb),היום תאמצנו,
184,Hayoshevet Baganim (Heb),היושבת בּגנים,
185,Hayoshevet Baganim (Heb),היושבת בּגנים,"היושבת בּגנים, חברים מקשיבים לקולך, השמיעיני."
186,"Hayu Zmanim (Those Were Days, Heb)",היו זמנים,"יבוֹא היוֹם ועוֹד תּשב אל מוּל האח, וגם הגב יהיה כּפוּף כּחטוֹטרת,"
187,Hekhalil,חכליל,
188,Hekhalil,חכליל,"יש חליל נעלם בּין חרי הגליל, לו זמר אחד באלפי אלך,"
189,Hem Lo Yeshveru Otanu (Heb),הם לא ישברו אותנוּ,
190,Henay Ekakh (Heb),הנה אקח (עבֿרית),"הנה אקח את מבּת עיניך -- עצבּוֹ השׁקט, צחוֹקוֹ המאיר,"
191,Heruet (Heb),הרעות,
192,Hevenu Sholom Aleykhem,הבאנוּ שלוֹם עליכם,הבאנוּ שלוֹם עליכם
193,Hevenu Sholom Aleykhem,הבאנוּ שלוֹם עליכם,
194,Hevenu Sholom Aleykhem,הבאנוּ שלוֹם עליכם,הבאנוּ שלוֹם עליכם.
195,"Hevenu Sholom Aleykhem (Heb, Med)","הבאנוּ שלוֹם עליכם (עבֿרית, מעדלי)",הבאנוּ שלוֹם עליכם
196,"Hevenu Sholom Aleykhem (Heb, Medl)","הבאנוּ שלוֹם עליכם (עבֿרית, מעדלי)",הבאנוּ שלוֹם עליכם. (עבֿרית)
197,Hey Tsigelekh,הײ ציגעלעך,
198,Heyn Babbiko (Heb),הן בּבּקעה (עבֿרית),"הן בּבּיקעה, הן בּהר, הן בּעיר והן בּקפר,"
199,Higole No (Heb),הגלה נא (עבֿרית),"הגלה נא וּפרוֹס חביבי עלי את סוּכּת שׁלוֹמך, תּאיר ארץ מכּבוֹדך,"
200,Hine Ma Tov,הנה מה טוֹב,"הני מה טוֹב וּמה נעים, שבת אחים גם יחד."
201,Hine Ma Tov,הנה מה טוֹב,"הנה מה טוֹב וּמה נעים, שבת אחים גם יחד."
202,Hine Ma Tov,הנה מה טוֹב,"חני, חני, הני, מה טוֹב וּמה נעים, שבת אחים גם יחד."
203,Hine Ma Tov,הנה מה טוֹב,"הני מא טוב ומה נעים, שבת טחים גם יחד."
204,Hine Ma Tov,הנה מה טוֹב,
205,Hine Yamim Ba'im (Heb),הנה ימים בּאים _עבֿרית),
206,Hineni Heoni (Heb),הנני העני,
207,Hineni Kan (Heb),הנני כּאן (עבֿרית),
208,Hineni Mukhon Umzumon (Heb),הנני מוכן ומזומן,
209,Hishbati (Heb),השבּעתּי,"השבּעתּי אחכם, בּנוֹת ירוּשלים, אם תּמצאו את דוּדי,"
210,Hiskabtsu (Heb),התקבּצוּ,"התקבּצוּ מלאכים זה אל זה, זה לקבל זה ואמר זה לזה."
211,Hiyalim Almonim (Heb),היילים אלמומים,
212,Hiyo Hayu Li (Hebrew),היה היו לי,היה היו לי ימים טובים ואני צעיר צוהל חסר דאגות וגעגורעים...
213,Ho Lakhma Anya (Heb),הא לחמא עניא,"הא לחמא עניא, די אכלוּ אבהתנא בּארעא דמצרים."
214,Ho Lakhma Anya (Heb),הא לחמא עניא,
215,Ho'aderes Vehoemung (Heb),האדרת והאמונה (עבֿרית),"האדרת והאמונה לחי עולמים, הבּינה והבּרכה לחי עולמים."
216,Hodu Lahashem Ki Tov-Psalm 118:01,הוֹדוּ ליהוה כּי טוב (תּהלים קיח),:ke leolam khasdu 'Hodu lahashem ki tov
217,Hodu Lashem (Heb),הוֹדוּ לשם (עבֿרית),
218,Hogar (Heb),הגר (עבֿרית),
219,Hogar Oyf Der Mit Fun Veg,הגר אױף דער מיט פֿון װעג,
220,Hogars Letste Nakht Bay Avrom..(Seltzer),הגרס לעצטע נאַכט בײַ אַבֿרהמען (זלצר),
221,Hora (Heb),האָרע (עבֿרית),
222,Hora Ali Ali (Banu Beli...),הוֹרה עלי עלי (בּאנוּ בּלי...),"בּאנו בּלי כּל מכל אנו עניי אתמול, לנו בגורל מסר את מליוני המחר"
223,Hora Ali Ali (Heb),הוֹרה עלי עלי (עבֿרית),"בּאנו בּלי כּל מכל אנו עניי אתמול, לנו בגורל מסר את מליוני המחר"
224,Hora Heyakhzut (Heb),הורה האחזות (עבֿרית),יודע חקלאי פקח והוא הגחיל זאת לצבא כי את הזן יש לשבח
225,Hora Heyakhzut (Heb),הורה האחזות (עבֿרית),יןדע חקלאי פקח והוא הגחיל זאת לצבא כי את הזן יש לשבח
226,Hora Kineret (Heb),הורה כּנרת (עבֿרית),
227,Hora Mamtera,הורה ממטרה,"רן קלוּח בּצנוֹר, צנוֹרוּת - עוֹרקי-הנגב, זה דרכּוֹ של המזמוֹר -"
228,Hora Mamtera,הורה ממטרה,"סבּי, סבּי, ממטרה, רן קלוּח בּצנוֹר,"
229,Hora Nahahal (Heb),הורה נהלל (שיר המשתמט),
230,Hora Yisroel (Heb),הורה ישׂראל (ײבֿרית),"הורה, הורה ישׂראל! (2) טוב לחיות בּישׂראל!"
231,Horakhamon (Heb),הרחמן,"הרחמן הוא ישתבח לדור דורים.. ויתפֿאר בּנו לעד ןלנצח נצחים,"
232,Horakhamon Hu Yokim Lonu (Heb),הרחמן הו יקים לנו (עבֿרית),הרחמן הוא יקים לנו את סןכּת דןד הנופלת.
233,Horef (Heb),הורף (עבֿרית),
234,Hotsmakhs Finale,שיר הסיום של הוצמאַך,
235,Hotsmakhs Kuplets,האָצמאַכס קופּלעטס,
236,Hoy Artsi Moledeti (Heb),הוי ארצי מולדתי (יבֿרית),"הוי ארצי, מולדתי הר טרשים קרח עדר עלפה שה וגדי זהב הדר שמח.."
237,Hoy Eres Moledet (Heb),הוי ערשׂ מולדת (עבֿרית),
238,Hoy Yeruka (Hebrew),הוי ירוקה,"הייתּי אז תּינוקתּ וכבר ילדתּ פלאים, ובחכמה עליתּי על כּל הילדים"
239,Hu Elokeynu (Heb),הוא אלקינו,"הוּא אלהינוּ, הוּא אבינוּ, הוּא מלכּנוּ, הוּא מוֹשיענוּ,"
240,Hu Elokeynu (Heb),הוא אלקינו,
241,Hu Lo Yom Velo Layla (Heb),הוּא לא יוֹם ולא לילא (יבֿרית),
242,Hu Yiftakh Libeynu (Heb),הוּ יפתּך לבּנוּ,הוּ יפתּך לבּנוּ בּתוֹרתוֹ וישׂם  בּלבּנוּ אהבתוֹ ויראתוֹ ויראתוֹ...
243,Hudu L'adonay (Heb),הודו לה',"הודו לה' קראו בּשמו הודיעו בּעמים עלילותיו שירו לו, זמרו לו"
244,Hulkhim Balayla (Heb),הולכים בּלילה,
245,Hulyet Hulyet Kinderlekh,הוליעט הוליעט קינדערלעך,
246,Hulyet Hulyet Kinderlekh,הוליעט הוליעט קינדערלעך,"שחקו נא ילדים, כּי האביב הנה, ואני מביט בכם עמוד ומקנא,"
247,Huymim Tsoyakim (Heb),הומים צועקים (עבֿרית),הומים צועקים צאן הקדשים תחן עורכים לרויהם.
248,Hymn (Heb),המנון,המלחמותּ עברו החל השקט שבו הולכים איש לדרכו
249,I Called For You (Heb),קראתי לך (עבֿרית),
250,I Could Have Danced All Night,כ'װאָלט אַ גאַנצע נאַכט געטאַנצט,
251,I Like Old People Don't You (Heb),זקנים זה יופי נכון (עבֿרית),
252,I Will Be A Nazarite...(Heb),הריני נזיר (עבֿרית),"הריני נזיר, ואת? ואמרה, אמן, מיפר את-שלה ושלו קיים."
253,I'm Five (Heb),בּן חמש (עבֿרית),
254,I'm Hiding (Heb),מחבואים (עבֿרית),
255,I'm Just Fed Up (Heb),פתאום נשבר לי (עבֿרית),פתאום נשבר לי כן נשבר...
256,If An Egg Were Laid... (Heb),ביצה שנולדה ביום טוב (עברית),"ביצה שנוגדה ביום טוב, בית שמאי אומרים, תאכל, ובית הלל..."
257,If I Were A Gentile Witch,אעלו רק הייתי מכשפה של הגוים,
258,If One Be Suspected...(Heb),החשוד על השביעית (עבֿרית),החשוד על השביעית אינו חשוד על המעשרות: החשוד על המעשרות...
259,If You Come To Take Me Away (Heb),אם חבואו לקחת אותי,
260,Ilu Tsiporim (Heb),אילו צפּורים,
261,Im Avonos (Heb),אם עונות (עבֿרית),אם עונות תשמר קה ה' מי יעמוד כי עמך הסליחה למאן תורה...
262,Im Ba'arazim (Heb),אם בּארזים,"אם בּארזים נפלא שלהבת, מא יגידו איזובי הקיר?"
263,Im Eshkakhekh Yerushalayim (Heb),אם אשכּחך ירושלים (עבֿרית),
264,Im Halayla (Heb),רקדי את הקצב הזה (עבֿרית),
265,Im Hupalnu (Heb),אם הופּלנו,"אם הופּלנו לא נבהלנו, על כּל פּטריה ושרומה שוב נקומה,"
266,Im Tashiv (Heb),אם תשיב (עבֿרית),
267,Im Yishalu (Heb),אם ישאלו (עבּרית),"אם ישאלו לי, אמרו, כּי הלכתי לבקש, אחר האלקים."
268,Ima Ima (Heb),אמא אמא (עבֿרית),
269,In Di Vagonen (Heb),אין די װאַגאָנען (עבֿרית),
270,In Spite (Heb),למדות רצונכם,
271,Instead Of An Opening Song (Heb),בּמקום שיר פתיחה (עבֿרית),אם תהיתם בּלבּכם מדוע --
272,Invey (Heb),אנבי,
273,Ish Khasid Haya (Heb),איש חסיד היה,"איש חסיד היה, בּלי מזוֹן וּמחיה, בביתו עוסק מלבוש ואין בגד..."
274,Ish Khasid Haya (Heb),איש חסיד היה,"איש חסיד היה, בּלי מזוֹן וּבלי מחיה, הוּא יצא להכשׁרה..."
275,Ish Khosid (Heb),איש חסיד,
276,Israel (Heb),ישׂראל (יבֿרית),
277,It Is Burning,זה בּוער,
278,Iti Milevanon,"א
א

   אתּי מלבנון",
279,Itsik Shpitsik (Hirsh),איציק שפּיציק  (הירש),
280,Ivdu Et Hashem Besimkha (Heb),עבדוּ את-יהיה בּשׂמחה,עבדוּ את-יהיה בּשׂמחה בּאוּ לפניו בּרננה:
281,Jenny (Heb),ז'ני (עבֿרית),
282,Jeremiah (Heb),ירמיהו (עבֿרית),
283,Jerusalem My Magic City (Heb),ירושלים עידי הקסןמה (עבֿרית),
284,Just Another Soldier (Heb),חייל אופר,"אני חייל אפור, אני ממשיך לחפור, תּבוא עוד מלחמה, אני בּאדמה"
285,Just Imagine (Heb),מה היה אילו (עבֿרית),
286,K'vakoras (Heb),כּבקרת,
287,Kabeyl Rinat Amkha (Heb),קבּל רנת עמך (עבֿרית),
288,Kabeyl Rinat Amkho (Heb),קבּל רנת עמך (עבֿרית),"קבּל רנת עמך,"
289,Kad Katan (Heb),כּד קטן (עבֿרית),"מעוֹז צוּר ישוּעתי, לך נאה לשׂבּה, תּכּוֹן בּית תּפלתי, ושם תּוֹדה נזבּח."
290,Kadish (Ravel),קדיש,יתגדל ויתקדש שמה רבּא. בּעלמא די ברא כרעוּתה.
291,Kadish Veyekhats (Heb),קדש וחץ (עבֿרית),
292,"Kadish, Musaf (Heb)",קדיש,יתגדל ויתקדש שמה רבּא. בּעלמא די ברה כרעוּתה. וימליך מלכוּתה...
293,Kadsheynu (Heb),קדשנו,קדשנוּ בּמצוֹתיך ותן חלקנוּ בּתורתך. שׂבּענו מטוּבך ושׂמחנוּ בּישוּעתך
294,Kadsheynu (Heb),קדשנו,
295,Kadsheynu (Heb),קדשנו,"קדשנוּ בּמצותיך ותן הלקנוּ בּתוֹרתך: שׂבּענוּ מטובך,"
296,Kadsheynu Bemitsvotekha (Heb),קדשנו בּמצותיך (עבֿרית),
297,Kakh At Libi (Heb),קח את לבי,"קח את לבי הוא לא נחוץ לי נותר, אחרי שבי בגדת עליו אוותר..."
298,Kakh Holkhim Hashtolim (Heb),כּך הוֹלכים השׁוֹתלים (עבֿרית),"כּך הוֹלכים השׁוֹתלים, רן בּלב ואת בּיד, מן העיר וּמן הכּפר,"
299,Kakha (Heb),ככה,
300,Kakhol Yam Hamayim (Heb),כּחול ים המים (עבֿרית),"כּחל ים המים, נאוה ירוּשׁלים. אוֹרים השׁמים, על נגב וגליל."
301,Kakhol Yam Hamayim (Heb),כּחול ים המים (עבֿרית),
302,Kama Elohay Tovat Gemaltani (Heb),כּמה אלהי טובות גמלתי (עבֿרית),כּמה אלהי טובות גמלתני. שׁאל לבבי את כדלתף. גם מחוֹשׁבי דברי...
303,Kan Tsipor (Heb),קן לצפּר (עבֿרית),"קן לצפּר בּין העצים, וּבקן לה שׁלשׁ בּיצים."
304,Kartofl-Zup Mit Shvamen (Heb),קאַרטאָפֿל זופּ מיט שװאַמען (עבֿרית),"מא יש היום לארוחה! כך דן את אמא, נא לי קצת גפילטע פיש,"
305,Katarina Hakodosha (Heb),קטרינה הקודושה,קטרינה הקודושה היה היתה בת מלך. ופעם בתפילתי שאל אותה אביה.
306,Katsipor Khafshit (Heb),כציפור חפשית,"כציפור חפשית ביער לא ידע ליבי כל צער, מא טוב ומה ניעם היה..."
307,Kayts Ekhad Shel Kusher (Heb),בּשעות הקטנות של הלילה (עבֿרית),
308,Kayzervald Lager (Heb),מתנה קייזרוולד (קײַזערװאַלד לאַגער),
309,Kebakarat Ro'eh Edro (Heb),כּבּקרת רועה עדרן,
310,Kefel (Heb),כּפל,
311,Kemekh Min Hasak (Heb),קמח מן השׂק (עבֿרית),"קמח, קמח מן השׂק, שׁמן, שׁמן מן הכּד, חנכּה היוֹם."
312,Kemo Ahava Reshona (Heb),כּמו אהבה ראשונה (עבֿרית),
313,Kemofeys Hoyisis Lerabim (Heb),כּמוֹפת הייתי לרבּים (תהלים עא),"כּמוֹפת הייתי לרבֿים ואתּה מחסי-עו,"
314,Kenig Akhashveyresh (Heb),קעניג אחשורוש (עבֿריתּ),
315,Keren Ya'ar (Heb),קרן יער (עבֿרית),"לו היתה לי קרן-יער, קרן-יער שלי, אז היתי בטח מריע לך..."
316,Kesem Al Yam Kineret (Heb),קסם על ים כּנרת (עבֿרית),קסם על ים כּנרת בּשמי חתּכלת ירח שט.
317,Keshinever Shtikele,קעשינעװער שטיקעלע,
318,Keshoshana Beyn Hakhokhim (Heb),כּשוֹשמה בּין החוֹחים,"כּשוֹשנה בּין החוֹחים כּן רעיתי בּין הבּנוֹת. כּתפּוּח בּעצי היער,"
319,Ketsele Shtil (Heb),קעצעלע שטיל (עבֿרית),
320,Kevodo (Heb),כּבוֹדוֹ (עבֿרית),"כּאידוֹ מלא עוֹלם, משרתיו שוֹאלים זה לזה איה מקוֹם כּבוֹדוֹ"
321,Keyl Odon (Heb),א-ל אדון,
322,Keyl Odon (Heb),א-ל אדון,"קל אדוּן על כּל המעשים, בּרוּך וּמבוֹרך בּפי כּל הנשמה,"
323,Keyl Odon (Heb),א-ל אדון,"קל אדוּן על כּל השעמים, גדלוֹ וטובוֹ מלא עוֹלם,"
324,Keyn Un Havl (Heb),קין און הבל (העברעיִש),
325,Keyn Yivorekh (Heb),כּן יברך (עברית),כּן יברך אותנו כּלנו יחד בבּרכה שלמה ונאמר אמן.
326,Kh'vil Nisht Aza Khusn (Heb),"כ'װיל נישט אַזאַ חתן (עבֿרית, מעדלי)","השדכן תהיא לי נער, ממש ילד חמד, ממש ילד חמד, אך בשם שלו..."
327,Khad Gadyo (Heb),חד גדיא,"חד גדיא, חד גדיא, דזבּין אבּא בּתרי זוּזי, חד גדיא, חד גדיא,"
328,Khad Gadyo (Heb),חד גדיא,
329,Khad Gadyo (Heb),חד גדיא,מה נשתּנה הלילה הזה מכּל הלילוֹת?
330,Khad Gadyo (Heb),חד גדיא,"דזבּין אבּא בּתרי זוּזי, חד גדיא,"
331,Khag Ha'or (Heb),חג האור,
332,Khag Leroa (Heb),חג לרוֹעה,
333,Khag Shvuot Taase Lekha (Heb),חג שבועת תעשׂה לך (עבֿרית),
334,Khalutsim Lid (Heb),חלוצים ליד (עבֿרית),
335,Khamesh Shanim (Heb),חמש שנים,"חמש שנים על מיכאל עברוּ בּרקוּדים. בּטל ישב מעבוֹדה, חפֿשי מלמוּדים"
336,Khamol Al Ma'asekho (Heb),חמוֹל על מעשׂיך,"חמוֹל על מעשׂיך ותשׂמח בּמעשׂיך, ויאמרוּ לך חוֹסיך,"
337,Khamsinim Bamishlat (Heb),חמסימים בּצשלט (עבֿרית),
338,Khamutal (Heb),חמוּטל (עבֿרית),מה אוֹכלה חמוּטל? -- פּרי הגן מלא הסל. מה שׁותה חמוּטל? --
339,Khanike (Heb),חנוכּה (עבֿריתּ),"חנכּה, חנכּה, חג יפה כּל כּך, אוֹר חביב, מסביב, גיל לילד רך."
340,Khanike Brukhes,חנוכּה בּרכות,
341,Khanike Oy Khanike,חנוכּה אױ חנוכּה,
342,Khanukeya Yefefeya (Heb),חנכּיה יפהפיה,
343,Khasake (Heb),חסקה (יבֿרית),"הים יפה הבּקר, הים הוּא די שׁקט, אז בּוֹאי נא, ילדמת,"
344,Khasal Sidur Peysekh (Heb),חסל סידור פּסח,
345,Khasal Sidur Peysekh (Heb),חסל סידור פּסח,"חסל סדוּר פּסח בּהלבתוֹ בּכל משׁפּטוֹ וחקתוֹ, בּאשר זכינוּ לסדר אוֹתוֹ,"
346,Khasdey Hashem (Heb),חסדי השם (עבֿרית),חסדי השם כּי לוא תמנו כּי לא כּלו רחמיו.
347,Khasidic Medley (Heb),חסידישע מעדלי (עבֿרית),
348,Khava Brengt Adomen Dos Epl,חוה ברענגט אָדמען דעם עפּל,
349,Khava Un Der Eplboym,חוה און דער עפּלבױם,
350,Khay Hashem (Heb),חי ה',"חי ה' וּברוך צוּרי בּה' תּתהלל נפשי, כּח ה' יאיר בּהלו נרוֹ עלי..."
351,Khayalim Almunim (Heb),חילים אלמומים,חילים אלמונים הננן בּלי מצדים וסבירנו איעמץ ודלמות.
352,Khazak Khazak (Heb),חזק חזק (עבֿרית),
353,Khazak Venitkhazeyk (Heb),חזק ונתחזק (עבֿרית),חזק ונתחזק בּעד עמנוּ.
354,"Khishtron, That's Not Easy (Heb)",חישטרון זה לא פשוט (עבֿרית),
355,Khlkey Adonay (Heb),חלקי אדני (עבֿרית),עבדי זמן עבדי עבדים הם עבד אדני הוּא לבד חפשׁ
356,Khofim (Heb),חוֹפים (עבֿרית),חןפים הם לפימים געגוּעים לנחל. ראיתי פּעם חוֹף שׁנחל עזבוֹ
357,Kholomi (Heb),חלומי (עבֿרית),אלהי משׁכּנוֹתיך ירידוֹת וקרבתך בּמראה לא בחידוֹת
358,Khonenu (Heb),חננוּ,"חננוּ ה. יננוּ, כּי רב שׂבענוּ בוּז."
359,Khonenu (Heb),חננוּ,חננוּ ה' חננו כּי רב שׂבענו בּוז.
360,Khorshat Ha'ekaliptus (Heb),הורשת האקליפּטוס,"כשאמא בּאה הנה יפה וצעירה אז אבּא על גבעה בּנת לה בּית,"
361,Khoze Lakh Brakh (Heb),חוזה לך בּרך,
362,Khultsa Kekhula (Heb),חוּלצא כּחלה (עבֿרית),חוּלצה כּחלא והיא עוֹלה בּלי שוּם ספק על כּל העדיים.
363,Khulu Mekhol Hahora (Heb),חוּלוּ מחוֹל ההוֹרה (עבֿרית),"חוּלוּ מחל ההוֹרה חוּלוּ נא חבריא, התלכדו התלכו חליה בתוך חןליא,"
364,Khushu Akhim Khushu (Heb),חושו אחים חושו (עבֿרית),
365,Ki Heym Khayeynu (Heb),כּי הם חיינוּ,"כּי הם חיינוּ וארך ימינוּ, וּבהם נהגה יוֹמם ולילה,"
366,Ki Heym Khayeynu (Heb),כּי הם חיינוּ,ונשׂמח בּדברי תלמוּד תּוֹרתך וּבמצוֹתיך לעוֹלם ועד.
367,Ki Hine Kakhomer (Heb),כּי הנה כּחומר (עבֿרית),"כּי הנה כּחומר בּיד היוצר, בּרצותו מרחיב וברצותו מקצר,"
368,Ki Lekakh Tov (Heb),כּי לקח טוב,
369,Ki Lekho Tov (Heb),כּח לך טוב,
370,Ki Lishuoskho (Heb),כּי לישעתך (עבֿרית),
371,Ki Lo No'eh (Heb),כּי לו נאה,
372,Ki Lo No'eh Medley (Heb),"כּי לו נאה (מעדלי, עבֿרית)",
373,Ki Malakhav (Heb),כּי מלאכיו,
374,Ki Mitsion (Amiran),כּי מציוֹן (עמירן),כּי מציוֹן תּצא תוֹרה וּדבר-יהוֹה מירוּשלים.
375,Ki Ono Amekho (Heb),כּי אנוּ עמך,"כּי אנוּ עמך, ואתּה אלקינוּ, אנוּ בניך, ואתּה אבינוּ."
376,Ki Ono Amekho (Heb),כּי אנוּ עמך,"כּי אנוּ עמך, ואתּה אלהינוּ. אנוּ בניך, ואתּה אבינוּ."
377,Ki Tavo (Heb),כּי תבוא,
378,Kibuy Orot (Heb),כּיבּוי אורות (עבֿרית),"דרך רב הגדור אל המדבּר, על תהום שבילו פּסח וגם עבר..."
379,Kidush (Heb),קידוש,בּרוּך אתּה השם אלהינוּ מלך העוֹלם בּוֹרא פּרי הגפן
380,Kidush (Heb),קידוש,בּרוּך אתּה יי אלהינוּ מלך העוֹלם בּוֹרא פּרי הגפן
381,Kidush (Heb),קידוש,
382,Kinder Yorn (Gebirtig),קינדער יאָרן (געבירטיג),"שׁנות ילדוּתּ, יפוֹת שׁנוֹת ילדוּתנוּ יחרתוּ לאד בּלבּוֹתינוּ"
383,Kinder Yorn (Gebirtig),קינדער יאָרן (געבירטיג),
384,Kinder Yorn (Gebirtig),קינדער יאָרן (געבירטיג),שׂנות ילדות המתוקות מיין בלבי עמוק אתכן טמנתי כשאני בכן...
385,Kineret (Hameiri),כּנרת (המאירי ),תּכלת שמים מוֹשכת בּרוֹם וסוֹד אין-החקר מוֹשך אלי תּהוֹם.
386,Kineret Akheret (Heb),כּנרת אחרת,"כּשהיינוּ צעירים מאד מאד, טהוֹרים זכּים תּמימים יפים ועוֹד."
387,Kirya Yefeyfiya,קריה יפיפיה,קריה יפיפיה משוש לערייך עיר נאמנה את למלכך ושרייך
388,Kirya Yefeyfiya,קריה יפיפיה,רריה יפיפיה משוש לערייך עיר נאמנה את למלכך ושרייך
389,"Kishef, Kishef","כּישוף, כּישוף",
390,Kishteynu Al Shikhmeynu (Heb),קשתנו על שכמנו (עבֿרית),
391,Ko Keyli (Heb),י-ה א-לי,
392,Kodosh (Heb),קדוש (עבֿרית),"קדוש, קדוש, קדוש, יהוה צבאות מלא כל הארץ כּבודו:"
393,Kohanekha (Heb),כּהניך (עבֿרית),"כּהניך ילבּשוּ צדק, וחסידיך ירננוּ."
394,Kokhi Holaykh Vodol (Heb),כּחי הוֹלך ודל (עבֿרית),"כּחי הוֹלך ודל -- היה נא טוֹב אלי,"
395,Kokuvi Boker (Heb),כּוכּבי בּוקר (עבֿרית),"שׂימו לב אל הנשמה. לשם שבו ואחלמה ואורה באור החמה,"
396,Kol Adonay (Heb),קל יי (עבֿרית),"קוֹל יי בּכּח, קוֹל יי בּהדר, קוֹל יי שׂבר ארזים, וישׁבּר יי את..."
397,Kol Adonay (Heb),קל יי (עבֿרית),
398,Kol Ha'erets Degalim (Heb),כּל הארץ דגלים (יבֿרית),
399,Kol Haolam Gesher (Heb),כּל העוֹלם גשר,כּל העוֹלם כּלוֹ גשר צר מאד והעקר לא לפחד כּלל.
400,Kol Mekadesh,כּל מקדש,
401,Kol Mekadesh,כּל מקדש,"כּל מקדשׁ שׁביעי כּראוּי לוֹ, כּל שׁוֹמר שׁבּת כּדת מיללוֹ,"
402,Kol Nidre,כּל נדרי,כּל נדרי ואסרי וחרמי וקוֹנמי וכנוּיי ןקנוּסי וּשבוּעוֹת דנדרנא
403,Kol Nidre,כּל נדרי,קל נדרי ואסרי וחרמי וקוֹנמי וכנוּיי ןקנוּסי וּשבוּעוֹת דנדרנא
404,Kol Nidre,כּל נדרי,
405,Kol Nidre (Sulzer),כּל נדרי (סולזער),כּל נדרי ואסרי וחרמי וקוֹנמי וכנוּיי ןקנוּסי וּשבוּעוֹת דנדרנא
406,Kol Nidre (Secunda),כּל נדרי (סעקונדאַ),כּל נדרי ואסרי וחרמי וקוֹנמי וכנוּיי ןקנוּסי וּשבוּעוֹת דנדרנא
407,Kol Nidre (Kalib),כּל נדרי (קאַליב),כּל נדרי ואסרי וחרמי וקוֹנמי וכנוּיי ןקנוּסי וּשבוּעוֹת דנדרנא
408,Kol Rino,קול רנה,קול רנה וישוּעה בּאהלי צדיקים ימין ה' עשׂה חיל. ימין ה' רוממה..
409,Kol Rino (Horowitz),קול רנה (האָראָװיץ),קול רנה וישוּעה בּאהלי צדיקים ימין ה' עשׂה חיל. ימין ה' רוממה..
410,"Kol Rino (Heb, Yid, Shneyer)","קול רנה (עבֿרית,ייִדיש, שנײער)",קול רנה וישוּעה בּאהלי צדיקים ימין ה' עשׂה חיל. ימין ה' רוממה..
411,Kol Yisroel (Heb),כּל ישׂראל (עבֿרית),"כּל ישׂראל יש להם חלק לעוֹלם הבּא, שׁנאמר:"
412,Kol Yisroel Ervidim Ze Leze (Heb),כּל ישׂראל ערבדים זה לזה (עבֿרית),
413,Koleynu Sishma (Heb),קולנו תשמע (עבֿרית),
414,Korev Yom (Breslov),כּרב יום (בּרעסלאָװ),"קרב יוֹם, קרב יוֹם, אשר הוּא לא יוֹם ולא לילה."
415,Korev Yom (Horowitz),כּרב יום (האָראָװיץ),"קרב יוֹם, קרב יוֹם, אשר הוּא לא יוֹם ולא לילה."
416,Korev Yom,קרב יום,"קרב יוֹם, קרב יוֹם, אשר הוּא לא יוֹם ולא לילה."
417,Koyft Koynim,קױפֿט קונים,
418,"Kulanu Hotsmakh (We're All.., Heb)",כּולנו חוצמך,
419,Kulom Ahuvim (Heb),כּולם אהובים,
420,Kulom Ahuvim (Heb),כּולם אהובים,"כּלם אהוּבים. כּלם בּרורים, כּלם נבּוֹרים."
421,"Kum Leybke, Tantsn (Heb, Medley)","קום לײבקע, טאַנצן (עבֿרית, מעדלי)","אריה הוי אריה מספיק עם, הפרנציפים, לעקשנות שלך אין כבר אין.."
422,Kum Mit Mir Aheym,קום מיט מיר אַהײם,
423,Kumi Tse'i (Heb),קומי ציא (עבֿרית),"קוּמי צאי, אחוֹתי כלה, קוּמי צאי, קוּמי צאי-- בּשוֹרת לך הבאתי:"
424,Kumi Tse'i (Heb),קומי ציא (עבֿרית),"קוּמי צאי, אחוֹתי כלה, קוּמי צאי, קוּמי צאי - בּשׂוֹרת אביב לך..."
425,Kuni Vemuni (Heb),קוני ומוני (עבֿרית),
426,Kvad Akharey Hatsur (Heb),כּבד אחרי הצור,
427,L'keyl Orekh Din (Heb),לאל עורך דין,
428,L'man Akhey Vereyi,למען אחי ורעי,"למען אחי ורעי אדבּרה נא שלום בּך,"
429,Lady Godiva (Heb),ליידי גודייבה (עבֿרית),"ליידי גודייבה אשר עדינה נקיה, חרוצה, מנומסת,"
430,Lakh Yerushalayim (Heb),לך ירוּשלים,"לך, ירוּשלים, בּין חוֹמוֹת העיר - לך, ירוּשלים, אוֹר חדש יאיר."
431,Lama Suka Zu (Heb),למה סכּה זוּ (עבֿרית),"למה סכּה זוּ, אבּא טוֹב שלי, למא סכּה זוּ, אבּא טוֹב שלי ?"
432,Lamidbar (Heb),למדבּר,"לך, לך למדבּר, הדרכים יוֹבילוּ, ליל טרם בּא, לך אחי אל המדבּר."
433,Lamnatseakh Shir Mizmor (Heb),למנצח שיר מזמור,"למנצח שיר מזמוֹר, הריעוּ לה' כּל-סארץ. יקוּם אדוֹני, יפוּצוּ אוֹיביו"
434,Lamnatseakh Shir Mizmor (Heb),למנצח שיר מזמור,"למנצח שיר מזמוֹר, הריעוּ לה' כּל-הארץ. יקוּם אדוֹני, יפוּצוּ אוֹיביו"
435,Lasadey Yotse Yatsati (Heb),לשׂדה יצה יצאתּי,לשׂדה יצא יצאתּי נרקיסים קטפתּי נערה יפה ראיתּי ובה התּאבתּי
436,Latus (Fly) El Al (Heb),לטוס אל על (עבֿרית),
437,Layahudim Hoyso Oyre (Heb),ליהוּדים היתה אוֹרה,ליהוּדים היתא אוֹרה ושׂמחה ושׂשׂוֹן ויקר. כּן תּהי' לנוּ.
438,Layla Bekhof Akhziv (Heb),לילה בּחוף אכזיב (יבֿרית),"הרוח והחשך והמים זוכרים מליל אתמול את צעדך, הקצף שמחה את..."
439,Layla Lo Nishar (Heb),לילה לא נשאר (עבֿרית),"שלוש לפנות בוקר האפלה הזות מוכרת לי היטב שלוש לפנות בוקר,"
440,"Layla, Layla (Heb)","לילה, לילה","לילה, לילה, הרוּח עוֹברת, לילה, לילה, הוֹמה הצמרת,"
441,"Layla, Layla (Heb)","לילה, לילה","לילה, לילה, הרוּח......, לילה, לילה, הוֹמה הצמרת,"
442,Layle Pele (Heb),לילה פּלא (עבֿרית),"אלף לילה ועוֹד לילה, תּתּי שׁי לה, לארצי זוֹ הקטנטנת--אך לא די ל"
443,Le'olam Beykvot Hashemesh (Heb),לעולם בּעקבות השמש (עבֿרית),
444,Ledor Vador,לדוֹר ודוֹר,"לדוֹר ודוֹר נגיד גדלך, וּלנצח נצחים קדשתך נקדיש,"
445,Lehashem Ha'erets Umalo (Heb),לה' הארץ ומלואה,
446,Lehitraot (Heb),להתראות,
447,Leir Hana (Heb),לעיר חנה (עבֿרית),
448,Leken Bekodesh Khazitikh (Heb),לכּן בּקדש חזיתיך,
449,Lekha Adonay Hagdula (Heb),לך יי הגדלה (עבֿרית),לך יי הגדלה והגבוּרה והתּפארת והנצח וההוֹד. כּי-כל בּשׁמים וּבארץ..
450,Lekha Dodi (Sheriff),לכה דודי,לכה דודי לקראת כּלה פּני שבּת נקבּלה.
451,Lekha Dodi (Sheriff),לכה דודי,
452,Lekha Dodi (Sheriff),לכה דודי,לכה דודי לקראת כּלה פּני שבּת נקבּילה.
453,Lekha Dodi (Sheriff),לכה דודי,"לכה, לכה דודי לקראת כּלה פּני שבּת נקבּלה."
454,Lekha Eli Teshukati (Heb),לך אלי תשׁוקתי (עבֿרית),"לך אלי תשׁוקתי בך חשׁקי ואהבת, לך ליבי זכליותי. לך רוחי..."
455,Lekha Ki Lekha (Heb),לך כּי לך (עבֿרית),
456,Lekhaim (Heb),לחיים,
457,"Lekhash Nakash (Hell's Spells, H)",לחש נחש,
458,Lekovid Hakhanike (Heb),לכּבוֹד החנכּה (עבֿרית),"אבי בדליק נרוֹת לי, ושׁמשׁ לוֹ אבוּקת. יוֹדים אתּם לכּבוֹד מי?"
459,Lemi Even Tova (Heb),למי אבן טובה (עבֿרית),
460,Lemikdoshekh Tuv (Heb),למקדשך תּוּב,"למקדשך תּוּב, למקדשך תּוּב, וּלקדש קדשין."
461,Letsifon Beahava (Heb),לצפון בּאהבה,
462,Lev Tahor (Heb),לב טהור (עבֿרית),
463,Leviva Khama (Heb),לביב חמה (עבּרית),
464,Leyl Emesh (Heb),ליל אמש (עבֿרית),
465,Libe (Heb),לבּי,"קל אחד בּראני, ואמר חי אני, כי לא יראני האדם וחי צמאה נפֿשי..."
466,Libi Uvsori (Heb),לבּי ובשרי (עבֿרית),
467,Lider Fun Hoyfzinger (Heb),לידער פֿון הױפֿזינגער (עבֿרית),
468,Lights Out (Heb),כיבוי אורות,
469,Lihyot Itakh (Heb),להיות איתך (עבֿרית),
470,Like The Birds Of Night (Heb),כמו צפורי הלילה (עבֿרית),כמו צפורי הלילה רואה ולא נראה אתה שומר על השתיקות...
471,Likhvod Hashabat (Heb),לכבוד השבּת,
472,Likras Shabos (Heb),לקראת שבּת (עבֿרית),"לקראת שבּת לכו ונלכה, כי היא מקור הברכה, מראש מקדם נסוכּה,"
473,Lipa Ha'eglon (Heb),ליפּא העגלון (עבֿרית),
474,Lo Bayom Velo Balayla (Heb),לא בּיוֹם ולא בּלילה,"לא בּיוֹם ולא בּלילה - חרש אצא לי אטילה, לא בּהר וֹלא בּבּקעה -"
475,Lo El Sakhar (Heb),לא אל שׂכר (עבֿרית),"לא אל שׂכר הלב פּתוּח, לא לתהלה נשׂאנוּ ראש, אנוּ יצאנוּ עם דגלי..."
476,Lo Sakhmod (Heb),לא תחמד,
477,Lo Sevoshi (Heb),לא תבשי,"לא תבשי ולא תכּלמי מא תּשתּוֹחחי וּמה תּהמי,"
478,Lo Yisa Goy (Heb),לא ישׂא גוי (עבֿרית),
479,Lola (Heb),לולה (עבֿרית),אם היטב תסתכל אז תראה שהאל...
480,Lomir Ale Zingen A Zemerl (Heb),לאָמיר אַלע זינגען אַ זמרל (העברעיִש),
481,Lomir Beyde A Libe Shpiln (Heb),לאָמיר בײדע אַ ליבע שפּילן (עבֿרית),
482,Lost Are My Spring Days (Heb),אביבי אבד לי,
483,Lu Ami (Heb),לו עמי (עבֿרית),"לו עמי שומע לי, ישׂראל בּדרכי יהלכו."
484,Lu Hayiti (Heb),לו הייתי פּירט (עבֿרית),
485,Lu Hayiti Pirat (Heb),לו הייתי פּירט,
486,Lu Hayiti Tsipor Kanaf (Heb),לוּ חייתי צפּוֹר כּנף,"לוּ הייתי צפּוֹר כּנף, אז עשׂיתי קן על ענף, וּמבּקר עדי ערב,"
487,Lulay (Heb),לוּלא,לוּלא האמנתּי לראוֹרת בּטוּב בּארץ חיים. קוּה אל ה'. חזק לבּך.
488,Luley Toyroskho (Heb),לולא תורתך (עבֿרית),
489,Ma Ahavti (Heb),מה אהבטי (עבֿרית),
490,Ma Avarekh (How Shall I Bless Him),מה אברך (עבֿרית),"מה אברך לו, בּמה יברך, זה הילד שאל המלאך."
491,Ma Dodekh Midod,מה דודך מדוד,
492,Ma Dodekh Midod,מה דודך מדוד,מה-דודך מדוד היפה בנשים מה -דודך מדוד שככה חשבעתנו
493,Ma He Osa Lo (Heb),מה היא עושׂה לו,
494,Ma Lasot (Heb),מה לעשׂות,"מה לעשׂות, מה לעשׂות, שאני יפה כזאת, שיפה כמוני אין מן הים..."
495,Ma Lekhe Hayom (Heb),מה לך הים (עבֿרית),"מה לך הים כּי תנוס הירדן תסב לאחור, חהרים תרקדו כאילים..."
496,Ma Nishtana (Heb),מה נשתּנה,מה נשתּנה הלילה הזה מכּל הלילוֹת?
497,Ma Nishtana (Heb),מה נשתּנה,
498,Ma Omrot Eynayikh (Heb),מה אוֹמרוֹת עיניך,"שמש רד לים, רוּח קל יהוֹם. מי חוֹלם עליך בּמשלט ערם."
499,Ma Sheysh Li Lomar Lakh (Heb),מא שיש לי לומר לך (עבֿרית),
500,Ma Tovu (Heb),מה-טבוּ,מה-טבוּ אהליך יעקב. משכּנתיך ישׂראל: ואני בּרב חסדך. אבא ביתך.
501,Ma Tovu (Heb),מה-טבוּ,
502,"Ma Yafe, Yafe (Heb)","מה יפה, יפה",
503,Ma Yafim Haleylot,מה יפים הלילוֹת,"מה יפים הלילוֹת בּכנען, צוֹננים הם וּבהירים, הדממה פלטה שיר,"
504,Ma Yafu Dodaykh (Heb),מה יפוּ דדיך,מה יפוּ דדיך אחתי כּלה מה טבוּ דדיך מיין וריח שמניך מכּל-בּשׂמים:
505,Ma Yedidos (Heb),מה ידידות (עבֿרית),
506,Ma Yedidut (Heb),מה ידידות,
507,Madamoiselle From Armintiere (Heb),אינקי פינקי,
508,Madamoiselle From Armintiere (Heb),אינקי פינקי,"שלשה גרמנים אתּ הריינוס חצו, פר - לה - ווּ,"
509,Mahayr Vehovey (Heb),מהר והבא (עבֿרית),
510,"Makhar (Tomorrow, Heb)",מחר,מחר אולי נפליגה בּספינות מחוף אלית עד חוף שנהב
511,Makhelat Nugnim (Heb),מקהלת נוֹגנים (עבֿרית),"יוֹסי בּכּנוֹר, פּסי בתּף, משׁה בּחצוֹצרה -- והמה הרחוֹב."
512,Makhrozet Shirey Palmakh (Heb),"מחרוזת שירי פּלמח""",
513,Malka Kudisha (Heb),מלכּה קודשע (עבֿרית),"קודשא בריך הוא אחד, לעילא לא יתיב על כורסייא דיקריח,"
514,Malkhut Hakhermon (Heb),מלכות החרמון,כּל המלים השׂמחות פּרצו אז כּהורה סוערת טפּסנו עם כּל הרוחות
515,Malu Asameynu Bar (Heb),מלאו אסמינו בּר (עבֿרית),
516,Maof Hamkhshafot (Heb),מעוף המכשפות,
517,Margaritkelekh (Heb),מאַרגאַריטקעלעך (עבֿרית),
518,Margaritkelekh (Heb),מאַרגאַריטקעלעך (עבֿרית),"מיתּחת לסלע צוֹמחת לפלא רקפת נחמדת מאד ושתש מזהרת נוֹשקת, עוֹתּרת"
519,"Margaritkelekh (Heb, Rakefet)",מאַרגאַריטקעלעך (עבֿרית),"מיתּחת לסלע צוֹמחת לפלא רקפת נחמדת מאד ושתש מזהרת נוֹשקת, עוֹתּרת"
520,Marilyn Jones (Heb),מרילין ג'ונס (עבֿרית),
521,Mary A. (Heb),מריה א. (עבֿרית),
522,Masat Nafshi (Heb),משׂאת נפשי,
523,Mashehu Mukhrakh Lehishtanot (Heb),משהו מוכרח להשתנות (עבֿרית),
524,Mayim Ledavid (Heb),מים לדוד (עבֿרית),
525,Mayn Rue Plats,מײַן רוע פּלאַץ,
526,Mayn Shtetele Belz,מײַן שטעטעלע בעלז,"ספּר לי סבּא, ספּר עוֹדועוֹד רוֹצה שׁוּב אני בּעיני זאת לראוֹת"
527,Mayn Tate A Koyen (Heb),מײַן טאַטע אַ כּוהן (עבֿרית),
528,Mazl,מזל,"מה זה אשר פּניו יאיר הוּא, ורק ממני נחבּא,"
529,Me'at Hashem (Heb),מאת השם (עבֿרית),
530,Me'ayn Olam Haba (Heb),מעין עולם הבּא,
531,Mediterranean Lullaby (Heb),שיר ערשׂ ים-תּיכונו,"שן ילדי אביך מתּ, גם לך צפוי כּמוהו אל המלחמותּ לצאתּ,"
532,Medley Of Children Songs (Heb),מחרוזת שירי ילדים,
533,Medley Of Marches (Heb),מחרזת שירי לכת (עבֿרית),
534,Meezl Myzel Mouse (Heb),עכבר בירבר עכבר,
535,Mehiro (Heb),מהרה (עבֿרית),
536,Mehiro Yishoma (Heb),מהרה ישמע,מהרה ישמע בּערי יהודה ובחוצות ירושלים קול שׂשׂון וקול שׂמחה
537,Mehiro Yishoma (Heb),מהרה ישמע,
538,Mekhalkeyl Khayim (Heb),מכלכּל חיים,
539,Mekhol Hakerim (Heb),מחול הכּרם,הבּנות צאנה בּמחול הבּנות פּצחו רינה בּקול שאלו נא למשעול
540,Melekh Hakavod (Heb),מי כמוך (עבֿרית),
541,Melekh Rakhmon (Heb),מלך רחמן (עבֿרית),
542,Menora Veanfey Zayit (Heb),מנורה ועופי זית (עבֿרית),
543,Merega Lerega (Heb),מרגע לרגע,
544,Mesherey Erets Ahavati (Heb),משירי ארץ אהבתי (עבֿרית),
545,Meshiekh (Heb),משיך,
546,Meshlat Azov (Heb),משלט עזוב  (עברית),
547,Metushela (Heb),מתושׂלה (עבֿרית),
548,Meyeved Layam (Heb),מעבד לים (עבֿריתּ),"מעבד לים, מעבר לים -- התדעוּ, צפּרים, הדרך לשם?"
549,Mi Al Har Horev,מי על הר חורב,
550,Mi Ani (Heb),מי אני (עבֿרית),
551,Mi Haya Hakholem (Heb),מי היה החוֹלם,
552,"Mi Ho-Ish (Psalm 034:13, Heb)",מי האיש (תהלים לך מ),מי האיש החפֿץ חיים אהב ימים לראוֹת טןב: נצר לשוֹנך מרע
553,Mi Kamokha (Heb),מי כמוך (עבֿרית),
554,Mi Khamokha (Heb),מי כמכה,מי כמכה בּאלם יהוֹה. מי כּמכה נאדר בּקדש. נוֹרא תהלת עשׂה-פלא.
555,Mi Sheaso Nisim (Heb),מי שׁעשׂה נסים (עבֿרית),מי שׁעשׂה נסים לאבוֹתינוּ וגאל אוֹתם מעברוּת לחרוּת.
556,Mi Sheberakh,מי שבּרך,
557,Mi Sheberakh Avoteynu,מי שבּרך אבותינו,
558,Mi Yivne (Heb),"מי יבנה,",מי יבנה בּית בּתל-אביב? אנחנוּ החלוּצים נבנה את תּל-אביב.
559,Mi Yivne Hagalil (Heb),מי יבנה הגליל,
560,Mi Ze Hidlik? (Heb),מי זה הדליק,מי זה הדליק נרוֹת דקים כּכּוֹבים בּרוֹם? יוֹדים גם תּינוֹקוֹת רבּים...
561,Midarom Tipakh Hatova (Heb),מדרום תפּתח הטובה (עברית),
562,Mikdash Melekh (Heb),מקדש מלך (עבֿרית),"מקדש מלך עיר מלוּכה, קוּמי צאי מתּוֹך ההפגה."
563,Mikhtav Leima (A Brivele Der..),מכתּב לאמא (אַ בריװעלע דער מאַמען),"ילדי שׁלי, בּבת עיני, אתּה יוֹצא לדרך, אשׁבּיע כּאן בּדמעוֹתי,"
564,Mikol Khamo'odot Hayu Li (Heb),מכּל המוּדוֹת חיוּ לי,"מכּל חמוּדוּת היוּ לי - רק לבּי, לבּי נשאר לי. שמש היתה ברוֹם -"
565,Mimarom (Heb),ממרום (עבֿרית),
566,Mimekomkha (Heb),ממקומך,"ממקומך מלכנו תופיע, ותמלך עלינו, כי מהכים אנחנו לך:"
567,Mimitsrayim Geyaltonu (Heb),ממצרים גאלטתּנוּ (עבֿרית),ממצרים גאלתּנוּ וּמבּית עבדים פּדיתנוּ.
568,Mimkomo (Heb),ממקומו (עבֿרית),"ממקומו הוא יפן בּרימיו לעמו, ויחן עם המיחדים שמו,"
569,Mimkomo (Heb),ממקומו (עבֿרית),"בּרוך כּבוד יהוה ממקומו הוא יפן בּרחמים, ויחון עם, המיחדים שמו,"
570,Mimkomo (Heb),ממקומו (עבֿרית),"בּרוך כּבוד יהיה ממקומו הוא יפן בּרחמים, ויחון עם, המיחדים שמו,"
571,Min Hamaytsar (Heb),מן המיצר (עבֿרית),
572,Minhag Khadash (Heb),מנהג חדש,"מנהג חדש בּא למדינה: שׂמלת שש וכתנת פּסים - ובשבּתוֹת, בּין העצים."
573,Mipney Ma (Heb),מפּני מה (עבֿרית),"מפּני מה, מפּני מה ירדה הנשׁמה מאיגרא רמה לבירא עמיקתּא..."
574,Miriam (Heb),מרים (עבֿרית),
575,Misratse Berakhamim (Heb),מתרצה בּרחמים,
576,Mitsva Gedolo (Heb),מצוה גדולה (יבֿרית),המבדיל בן קדוש לחול
577,Mitsva Gedolo (Heb),מצוה גדולה (יבֿרית),מצוה גדולה להיות בשׂמחה תמיד.
578,Mitsve Gedolo (Heb),מצוה גדולה (יבֿרית),מצוה גדולה להיות בשׂמחה תמיד.
579,Mizmor Ledovid (Psalm 023),מזמוֹר לדוד (תהלים כג),מזמוֹר לדוד יהוֹה רעי לא אחסר: בּנאות דשׁא ירבּיצני
580,Mizmor Shir (Heb),מזמור שיר (עבֿרית),"מזמור שיר לשבּת, בּאי מלכּה, בּאי כּלה"
581,Mizmor Shir Khanikas Habayit (Heb),מזמוֹר שיר חנכּת הבּית (תהלים ל),
582,Mizmor Shir Khanikat Habayit,מזמוֹר שיר חנכּת הבּית (תהלים ל),
583,Mizmor Shir Khanikat Habayit (Heb),מזמוֹר שיר חנכּת הבּית (תהלים ל),"ואני אמרתּי בשׁלוי, בּל אמוֹט לעוֹלם. יי, בּרצוֹנך העמדתּה להררי עז:"
584,Mizmor Shir Leyom Hashabos (Heb),מזמוֹר שיר ליוֹם השבּת (עבֿרית),
585,Mizmor Shir Yom Hashabat (Heb),מזמור שיר ליום השבּת,
586,Mizmor Shir Yom Hashabat (Heb),משמור שיר ליום השבּת,
587,"Mode Ani (I Offer Thanks, Heb)",מוֹדה אני,מודה אני לפניך
588,"Mode Ani (I Offer Thanks, Heb)",מוֹדה אני,מוֹדה אני לפניך ה' אלוֹקי ואלוֹקי אבוֹתי על כּל החסג טשר עשׂית...
589,Modim Anakhnu Lakh (Heb),אַ דין-תּורה מיט גאָט,"מוֹדים אנחנוּ לך, שׁאתּה הוּא יי אלהינוּ ואלהי אבוֹתינוּ לעוֹלם ועד."
590,Moldau (Heb),מולדאו (עבֿרית),
591,Mommy Gimme A Drinka Water (Heb),אמא אורי רוצה קצת מים,
592,Morning Hymn (Heb),כּל כּוכבי בּקר (עבֿרית),כּל כּוכבי בּקר לך ישׂירוּ כּי-זהריהם ממך יזהירוּ
593,Morning Will Come (Heb),בּןקר יבוא (עבֿרית),
594,Moshe Emet (Heb),משׁה אמת (עבֿרית),משׁה אמת ותורתו אמת.
595,Moshe Pashparoshi (Heb),משה פּשפּרושי,
596,Moshe Ve'aaron (Heb),משה ואהרן (עבֿרית),
597,Moshe Vinelatur (Heb),משה וינטלטור,
598,Motele (Heb),מאָטעלע (עברית),
599,Moyshele Mayn Freynd,משהלע מײַן פֿרײַנד,
600,Moyshele Mayn Freynd,משהלע מײַן פֿרײַנד,"האם אתה זה מוישהלה? אכן אותם פנים, זוכר הייענו חברים,"
601,My Heart Seeth Thee (Heb),ולבי ראך (עברית),יעירוּני בשׂמך רעיוֹני ןישׂימוּ חסדיך לפני
602,My Home (Heb),בּיתי שלי (עבֿרית),
603,My Liberty (Heb),את חירותי (עבֿרית),"את חירותי, שמרתי לי אותך כמו כוכב בסער..."
604,My Reverie (Heb),חלומי (עבֿרית),
605,Na'ara Ushman Kineret (Heb),נערב ושמה כּנרת,"לרגליו של ההר, לחוֹפוֹ של נהר היא יוֹשבה לבדה,"
606,Na'arat Hakhayalim (Heb),נערת החיילים,"עננים סביבנוּ, גשם קר וסער עז. עת לקרב נצאה למגר אוֹיבים."
607,Na'aritskho (Heb),נעריצך (יבֿרית),"נעריצך ונקדעשך, כּסוד שיח שרפי קדש, המקדישים שמך בּקדש,"
608,Na'aritskho (Heb),נעריצך (עבֿרית),"נעריצך ונקדעשך, כּסוד שיח שרפי קדש, המקדישים שמך בּקדש,"
609,Naaritzkho (Heb),נעריצך (עבֿרית),"נעריצף ונקדישך, כּסוד שיח שרפי קדש, המקדישים שמך בּקדש,"
610,Nadneyda (Heb),נדנדה (עבֿרית),"נד, נד, נד, נד, רד, עלה, עלה וד, מה-למעלה? רק אני, אני ואתּה:"
611,Nafsheynu (Heb),נפשינו (עבֿרית),
612,Nafsheynu (Heb),נפשינו (עבֿרית),נפשינו חכתה לה' עזרנו ומגננו הוא. כּי בו ישׂמח לבנו כּי בּשם...
613,Nafshi Khamda (Heb),נפשי חצדה (עבֿרית),
614,Nagen Bakinor (Heb),נגן בּכּנור,
615,Nageyn Li Yarden (Heb),נגן לי ירדן,"נגן לי, ירדן, על כּנוֹר מי התּכלת. המי נא כּנרת גליך לי פּלא..."
616,Natasha (Heb),נאַטאַשאַ יבֿרית),
617,Natser Mikhaka L'Rabin (Heb),נאצר מחכּה לרבּין,
618,Ne'akhez Bekhol Mishlat (Heb),נאחז בּכל משלט (עבֿרית),"נאחז בּחל משלט, מני דן ועד אילת, תאמין לא תאמין, אנו מחל..."""
619,Negayn Li Yarden (Heb),נגן לי ירדן (עבֿרית),
620,Negev (Heb),נגב (עבֿרית),
621,Ner Lamishlatim (Heb),נר למשלטים,
622,Nerot Rabim (Heb),נרות רבּים,
623,Nerot Shabat,נרות שבּת,
624,Nes Khanike (Heb),נס חנוכּה (עבֿרית),
625,Neshama Tehhora (Heb),נשמה טהורה (עבֿרית),
626,Neshomo Neshomo (Heb),נשׁמה נשׁמה (עבֿרית),
627,Neyr Li,נר לי,
628,Night And Smoke (Heb),לילה ועשן (עבֿרית),
629,"Nigun Haksmim (Magical Melody, H)",ניגון הקסמים,
630,Nigun Tsion (Heb),ניגון ציון (עבֿרית),
631,Nigun Un Havdala (Heb),ניגון און הבדלה,
632,Nikhsefa (Heb),נכספה (עבֿרית),
633,Nishmat Kol Khay (Heb),נשמת כּל חי (עבֿרית),
634,Nishmat Kol Khay (Heb),נשמת כּל חי (עבֿרית),נשמת כּל חי תּברך את שמך יי אלהינוּ. ורוּח כּל-בּשׂר תּפאר...
635,"Nit Keyn Rozhinkes, Nit Keyn Mandlen","ניט קײן ראָזשינקעס, ניט קײן מאַנדלען","לא צמוּקים, שׁקגים, פּרי-מגר, נסע אבּא לקנוֹת, בּן-חמד,"
636,No'a (Heb),נועה (עבֿרית),"נועה נולדה בשדה בין דשה לאבן נועה היתי כמו אגל של טל,"
637,Noakh (Heb),לו יהי (עבֿרית),
638,Nodar (Heb),נדר (עבֿרית),ממעמקים קראתיך יהיה....
639,Nodeh (Heb),נודה (עבֿרית),נודה לאלוקינו נודה לאדונינו נודה למלכנו נודה למושיעו מי...
640,Nogil Venosis (Heb),נגיל ונשׁישׁ (עבֿרית),"נגיל ונשׁישׁ בּשאת התּוֹרת, כּי היא לנוּ עדז ואוֹדה."
641,Nokhri Boded (Heb),נוכרי בּודד (עבֿרית),
642,Noladeti Lashalom (Heb),נולדתי לשלום (עבֿרית),
643,Noshanot (Heb),בּשל תפּוח (עבֿרית),
644,Numa Perekh (Heb),נומה פּרח (עבֿרית),
645,Numi Numi (Sleep Sleep),נומי נומי (עבֿרית),
646,Od Lo Avda Tikvoteynu (Heb),עוד לא אבדה תקוותנו (עבֿרית),
647,Odekha Ba'amim (Heb),אוֹדך בּעמים (עבֿרית),
648,Odkho (Heb),אודך,אוֹדך כּי עניתני ותּהי לי לישוּעה. אבן מאסוּ הבּוֹנים היתה לראש...
649,Ogil Vesemakh (Heb),אגיל ואשׂמח,
650,Oh How Good (Heb),הו כּמה טוב (עבֿרית),
651,Oh My Gods! (Heb),אלילים,"האלילים שלי מתּים אחד אחד, ואתּ אומרים פורחתּ עוד כּפרח,"
652,Ohavey Hashem (Heb),אוהבי ה' (עברית),
653,Okaramba (Heb),אוקרמבּה,"דון אלפונסו על סוסו -- אוקרמבּה, מחפת הרפתּקטוד -- אוקרמבּה"
654,Okhil Yom Yom Eshtahe (Heb),אוחיל יום יום אשׁתאה (עבֿרית),אוחיל יום יום אשׁתהאה עיני תמים צופיה מתי אבוא ואראה...
655,Olim,עולים,"בּחשאי ספימה גןששת ליל שחור חים זעף, הוי, שמעי אדמת מורשת,"
656,Omar Eyfo Ata (Heb),אמור איפה אתה (עבֿרית),
657,Omar Hashem L'Yaakov (Heb),אמר ה' ליעקב (ישעיה מד),"אמר ה' ליעקב אל תּירא עבדי יעקב, בּחר ה' בּיעקב אל תּירא עבדי..."
658,Omdos Hoyu Ragleynu (Heb),עמדוֹת היוּ רגלינוּ (עבֿרית),"עמדוּת היוּ רגלינוּ בּדעריך, ירוּשלם. ירוּשלם הבּנוּיה כּיער שחבּרה.."
659,One Meat Ball (Kadur Vasar - Heb),כּדור בשׂר,"למסעדה בּלב העיר, נכנס בּחור יפה צעיר, הוא נגש אל המלצר,"
660,Only Fools Are Sad (Heb),חעצבות רק לטפּשים חיא,
661,"Ono (Psalm 118:25, Heb)",אנה (תהלים קיח),אנא יהוֹה הוֹשיעה נא אנא יהוה הצליחה נא
662,Ono Hashem (Heb),אנא השם,
663,Optimism (Heb),אופטימיות,"הכּל היה צפוי נדוש חסר תּועלת, בּכלי המלחמה זרק איזוב"
664,Ora Vesimkha (Heb),אורה ושׂמחה (עבֿרית),
665,Orkha Bamidbar,אוֹרחה בּמדבּר,"ימין וּשׂמאל רק חוֹל וחוֹל, יצהיב מדבּר ללא משׁעוֹל."
666,Orkhim Lekhag (Heb),אורחים לחג (עבֿרית),
667,Ose Shalom (Heb),יעשׂה שלוֹם (עבֿרית),"עוֹשׂה שלוֹם בּמרוֹמיו הוּא יעשׂה שלוֹם עלימוּ ועל כּל ישׂראל, ואיםרוּ.."
668,Ose Shalom (Hirsh),יעשׂה שלוֹם (הירש),"עוֹשׂה שלוֹם בּמרוֹמיו הוּא יעשׂה שלוֹם עלימוּ ועל כּל ישׂראל, ואיםרוּ.."
669,Otakh (Heb),אוצך (עבֿרית),
670,Ovinu Malkeynu (Trad),אבינו מלכּנו (טראַד),
671,Ovinu Malkeynu (Trad),אבינו מלכּנו (טראַד),אבינוּ צלכּנוּ נקוֹם לעינינוּ דם עבדיך השׁפוּך: אבינוּ מלכּנוּ...
672,Oyf Der Stantsie Gorshkovits (Heb),אױף דער סטאַנציע גאָרקאָװיץ (עבֿרית),
673,Oyfn Geto Banhoyf (Heb),אױפֿן געטאָ באַנהױף (עבֿרית),
674,"Oyfn Pripetshik (Heb, Medley)","אױפֿן פּריפּעטשיק (עבֿרית, מעדלי)","בתנור החם מהוערת אש ובפנים שקט, והרבּי מלמד את הקטנים,"
675,Oyfn Veg Shteyt A Boym,אױפֿן װעג שטײט אַ בױם,"על הדרך עץ עוֹמד צמרתו תשוח, עזבוהו צפריו לאחות הרוח."
676,Oyfn Veg Shteyt A Boym,אױפֿן װעג שטײט אַ בױם,"על הדרך עץ עומד,"
677,Oyfn Veg Shteyt A Boym,אױפֿן װעג שטײט אַ בױם,"על הדרך עץ עוֹמד וכלוֹ כּפוּף הוּא, צפּריו עזבוּ כּלן וּממנוּ עפוּ,"
678,Oyr Khadash (Siegal),אור חדש (סיגעל),
679,Oyr Khadash (Shenker),אור חדש (שענקער),
680,Oyz Vehadar Lebusa (Heb),עוז והדר לבּושׂה (עבֿרית),"עוז והדר לבּושׂה, ותשׂרק ליום אהרון"
681,"Ozee, Ozee Vintelatur (Heb)","עוזי, עוזי ונטלטור",
682,Ozreyni Kel Khay (Heb),עזרני א-ל חי (עבֿרית),עזרני א-ל חי להכניע את יצר המפתה המריע
683,Papirosn,פּאַפּיראָסן,"בּליל תּוּגה וערפל וחשׁכה גדוֹלה, עוֹמד לוֹ ילד ועיניו תּקוּיעוֹת..."
684,Papirosn,פּאַפּיראָסן,"בלילה קר נשום זור ניצב לו יחקי בפינת רחוב שכוח ילד יהחי,"
685,Parash,פּרש,"רוץ, בּן-סוּסי, רוּץ וּדהר! רוּץ בּבּקעה, טוּס בּהר!"
686,Pashtu Kvasim (Heb),פּשׂטו כּבשׂים,"פּשׂטו כּבשׂים אדרים עדרים, צהלה בּכּפּרים בּכּפרים פּשטו בּשלף, בּני..."
687,Pesakh Lanu Sha'ar (Heb),פּתח לנו שער (עבֿרית),
688,Petakh Lanu Sha'ar (Heb),פּתח לנו שער,
689,"Peter And The Wolf, OP 67 (Heb)","פּטר והזאב, אופּוס 67 (עבֿרית)","אַ קאַלטע נאַכט, אַ נעבעלדיקע פֿינסטער אומעטום, שטײט אַ ייַנגעלע..."
690,"Peter And The Wolf, OP 67 (Heb)","פּטר והזאב, אופּוס 67 (עבֿרית)",
691,Peysekh (Heb),פּסח (עבֿרית),
692,Peysekh Kidush (Heb),פּסח קידוש,
693,Peysekh Kidush (Heb),פּסח קידוש,בּרוּך אתּה יי עלהינוּ מלך העוֹלם בּוֹרא פּרי הגפן
694,Pitkhi Li Shorayikh (Heb),פּתחי לי שעריך (עבֿרית),
695,Pitom Kam Adam (Heb),פּתאם קם אדם (עבֿרית),פּתאם קם אדם בּבּקר ומרגיש כּי הוא עם ומתחיל ללכת ולכל הנפגש...
696,Playing On The See Saw (Heb),הנדנדל (עבֿרית),
697,Po Be'erets Khemdot Avot (Heb),פּו בּארץ חמדת אבות (עבֿרית),
698,Po Be'erets Khemdot Avot (Heb),פּו בּארץ חמדת אבות (עבֿרית),"פּה בּארץ חמדת אבוֹת, תּתגשמנה כּל התּקווֹת."
699,Potpouri Palmakh (Heb),"מחרוזת שירי פּלמח (עבֿרית)""",
700,Prakhim (Heb),פרחים,"פרחים אז לקטוף לי אצא, ובפרחים את לבי ארפא ואני רכה בשנים..."
701,Prayers Are Over... (Heb),תמה התפליה,
702,Prok Yas Onokh (Heb),פרוק ית ענך,
703,Prozos Teyshev Yerushalayim (Heb),פּרזוֹס תּשׁב ירוּשׁלים (עבֿרית),פּרזוֹס תּשׁב ירוּשׁלים.
704,Psalm 024,תהלים כד,לדוד מזמוֹר ליהוֹה הארץ וּמלוֹאה תּבל ויוֹשׁבי בה: כּי הוּא על ימים..
705,Psalm 063 (Heb),תהלים סג (עבֿרית),
706,Psalm 128 (Heb),תהלים (קבח),שיר המעלוֹת אשׁרי כּל-ירא יהוה
707,Psalm 134 (Heb),תהלים קלד (עבֿרית),"הנה: בּרכוּ את יהוֹה כּל עבדי יהוֹה, העמדים בּבית יהוֹה בּלילוֹת,"
708,Purim Purim (Heb),פּורים פּורים,
709,R'tse Asirosom (Heb),רצה עתירתם,
710,R'tse Vehakhlitseyanu (Heb),רצה והחליצנוּ (עבֿרית),רצה ןהחליצנוּ יי אלהינוּ בּמצוֹתיך וּבמצות יוֹם השׁביעי השׁבּת...
711,Rabeynu Tam,רבּינו תּם,
712,Rad Halayla,רד הלילה,"רד הלילה, רב שירנו, הבּוֹקע לשמים. שוּבי, שוּבי הוֹרתנו,"
713,Rad Halayla,רד הלילה,"לד הלילה, רב שירנו, הבּוֹקע לשמים. שוּבי, שוּבי הוֹרתנו,"
714,Rad Halayla,רד הלילה,"רד הלילה, רד הלילה, הבּוֹקע לשמים. שוּבי, שוּבי הוֹרתנו,"
715,Rak Lo Sayar (Heb),רק לא סייר (עבֿרית),"קל יותר לעצור את הרוח, או בשבי לקחת עגן."
716,Rakefet (Heb),רקפת,"מיתּחת לסלע צוֹמחת לפלא רקפת נחמדת מאד ושתש מזהרת נוֹשקת, עוֹתּרת"
717,Rakhel (Heb),רחל,ילדה היתה אי שם בּכפר. בּיתה טבל בּשׂדות דגן. קלת כּנף היתה-פּרפּר!
718,Rakhl Adma Al Ha'ayin (Heb),רחל עמדה על העין,"רחל עמגה על העין, היא וכדת ואיש אין- היא וכדה, היא וכדה"
719,Rakhl Rakhl (Heb),רחל רחל (עבֿרית),"ילדה היתה אי שם בכפר, ביתה טבל בשדןת דגן. קלת כנף היתה, פרפר"
720,Rakhmano (Heb),רחמנה (עברית),"רחמנא שאני לעניי ענינא, רחמנא דעני לתבירי לבּא ענינא."
721,Rakhmanu Perok (Heb),רחמנא פּרוק (עבֿרית),"רחמנא פּרוק, רחמנא שזיב, רחמנא רחם עלן, השתא בּעגלא ובזמן קריב"
722,Rakhok Rakhok Mekhon (Heb),רחוק רחוק מכאן (עבֿרית),
723,Rash Un Tumel Fun A Geto Gas (Heb),רעש אןם טומעל פֿון אַ געטאָ גאָס (עבֿר),
724,Ravervin (Heb),רברבין (עבֿרית),רברבין עובדין ותקיפין מכיף רמיא וזקף כּפיפין לו יחיח גבר...
725,Reading Of The Torah (Heb),פּסוקים מכתבי הקודש,
726,Reboynu (Heb),רבּוֹנוֹ (עבֿרית),
727,Reboynu Shel Olam (Heb),רבּוֹנוֹ של עוֹלם  (עבֿרית),
728,Reboynu Shel Olam (Heb),רבּוֹנוֹ של עוֹלם (עבֿרית),
729,Red Horizon (Heb),אופק אדמוני (עבֿרית),
730,"Rede Fun ""Eltestn Der Yidn (Heb)","רעדע פֿון עלטעסטן דער ייַדן"" (עבֿרית)""",
731,Requiem (Heb),ריקוויאם,"הכּול ניגמר הרוח משתּתּקתּ, בּין עננים דלילים מציץ כּןכב,"
732,Reyzele,רײזעלע,
733,Rikidi Et Haketsev Haze (Heb),רקדי את הקצב הזה (עבֿרית),
734,Ritsi Shmulik Kore Lakh (Heb),רוצי שמוליק קורא לך (עבֿרית),
735,Rivkele Di Shabesdike,רבֿקהלע די שבּתדיקע,רבֿקהלה השבּתּית עוֹבדת בּסדנה. מסוֹבבת חוּט אל חוּט וחבל היא תקלע.
736,Roa Veroa,רוֹעה ורוֹעה,"היא לוֹ -- הוּא לה, שׁתּי עינים -- אהבה."
737,Roa Veroa,רוֹעה ורוֹעה,"אי-שם  הרחק לבין ההרים רוֹעה ורוֹעה לבין עדרים. היא לוֹ-הוּא לה,"
738,Roa Veroa,רוֹעה ורוֹעה,אי-שם הרחק לבין ההרים רועה ורועה לבין עדרים.
739,Rok El Atsmi (Heb),רק על עצמי (עבֿרית),"רק על עצמי לספּר ידעתּי צד עוֹלמי כּעוֹלם נמלה,"
740,Rom V'niso (Heb),רם ונשׂא,
741,Rosh Pina (Heb),ראש פּינה,
742,Round The Campfire (Heb),מסביב למדורה,
743,Rozhinkes Mit Mandlen,ראָזשינקעס מיט מאַנדלען,"בּבית המקדש בּחדר שכות, יוֹשבת בּת ציוּן, אלמנה בשחורים..."
744,Rozhinkes Mit Mandlen,ראָזשינקעס מיט מאַנדלען,
745,Rozhinkes Mit Mandlen,ראָזשינקעס מיט מאַנדלען,"בּבית המקדש בּקצר החדר יוֹשבת חרש בּת ציוּן אלמנה,"
746,Ruakh Atsuv (Heb),רוּח עצוּב,"רוּח עצוּב, רוּח עגוּם, שא-נא את אנחתי, דרך שׂדוֹת, דרך יערוֹת,"
747,Ruakh Beharim (Heb),רוח בּהרים,
748,Ruakh Mevaderet,רוּח מבדרת,"רוּח מבדרת שוֹבל שׂמלתה, ילדתי בּרחוֹב עוֹברת שׂשׂתּי לקראתה."
749,"Ruakh Ruakh (Wind, O Wind, Heb)",רוח רוח,"שוב בּאה רוח פה לפוח, לא תניח רגע לנוח תדלגל עלים וכובעים."
750,"Rumenye, Rumenye","רומעניע, רומעניע","אי, רוֹמניה, היתה אי פּעם שׁם חמדת ימינוּ,"
751,S'vivon,סביבוֹן,"סביבוֹן, סב, סב, סב, חנכּה הוּא חג טוֹב!"
752,Saba Zman (Heb),סבּא זמן (עבֿרית),
753,Sabta Banegev (Heb),סבּתא בּנגב (עבֿרית),
754,Sabta Rivka (Heb),סבּתא רבקה (עבֿרית),
755,Sadot Sheba'emek (Heb),שׂדוֹת שבּעמק,שׂדוּת שבעמק קדמוּני הלילה בּריח הזבל ניחוֹח חציר.
756,"Sakhki, Sakhki (Heb)","שׂחקי, שׂחקי","שׂחקי, שׂחקי על החלוֹמוֹת, זוּ אני החוֹלם שׂח שׂחקי, כּי בּאדם אאמין,"
757,Saleynu (Heb),סלינו (יבֿרית),
758,Samara Hop (Heb),סמרה הופ,
759,Sameyakh Tisamakh (Heb),שׂמח תּשׂמח,שׂמח תּשׂמח רעים האהוּבים כּשׂנחך יצירך בגן עדן מקדם.
760,Sapayr Li (Hebrew),ספר לי,למה רזית? כולם אומרים לי תראו כבד מה. שחיה לי הכל בגלל...
761,Saying Of The Grace... (Heb),חותמת את הסעודה בּרכת המזון...,
762,Se Ugdi (Heb),שׂה וּגדי (עבֿרית),"שׂה וּגדי, גדי ושׂה, יחדיו יצאוּ אל השׂדה,"
763,Second Aliya (Heb),אנשי העליה השניה,
764,Seegal (Heb),בּיתי אל מול גולן,
765,Seo Tsiona Nes Vedegel (Heb),שׂאו ציונה נס ודגל (עבֿרית),
766,Sepuri Sabta (Heb),ספּורי סבּתא (עבֿרית),
767,Serenada (Heb),ברנסה (עבֿרית),
768,Seu Marom Eynekhem (Heb),שׂאו מרום עיניכם (עבֿאית),
769,Seu Sheorim,שׂאוּ שערים,"שׂאוּ שערים ראשעכם, והנשאוּ פּתחי יוֹלם. ויבוֹא מלך הכּבוֹר:"
770,Seyfer Hazikronut (Heb),ספר הזכּרונות (עבֿרית),"פ ת י ח ר  אחמול פּגשתי אותו ברחוב,"
771,Sh'ma B'ni-Bar Mitsva (Heb),שמע בּני-בּר מיצװה (עבֿרית),
772,Shabat Hamalka (Heb),שבּת המלכּה,החמה מראש האילנוֹת נסתּלקה -- בּאוּ ונצא לקראת שבּת המלכּה.
773,"Shabat Menukha (Heb, Ellstein)","שבּת מנוחה (עבֿרית, עלשטײַן)",
774,Shabat Shalom Umverakh (Heb),שבּת שלוֹם וּמבוֹרך (עבֿרית),"שבּת שלוּם וּמבוֹרך,"
775,Shabos Hamalka,שבּת המלכּה,החמה מראש האילנוֹת נסתּלקה -- בּאוּ ונצא לקראת שבּת המלכּה.
776,Shabos Shabos Yom Menukho (Heb),שבּת שבּת יוּם מנוּחה (עבֿרית),"שבּת שבּת יוֹם מנוּחה, שבֿת שבּת קוֹדש. נרוֹת, חלוֹת, יין לקוֹוּש..."
777,Shakhnu Shel Habal Shem Tov (Heb),"שכנו של הבֿעשט (עבֿרית)""",
778,Shalom Al Yisroel (Heb),שלוֹם על ישׂראל,הדליקוּ אוֹר בּרחוֹבוֹת ושיר זמרוּ בּעיר מחר על פּני כּל התּקווֹת...
779,Shalom Khavarim (Heb),שלוֹם חברים,"שלוֹם חברים, שלוֹם חברים, שלוֹם. להתראוֹת, להתראוֹת. שלוֹם."
780,Shalom Rav (Heb),שלום רב (עבֿרית),
781,Shalom Vetsedek (Heb),שלום וצדק (עבֿרית),
782,Sham Al Shofat Nakhal (Heb),שם על שפת הנחל (עבֿרית),
783,Sham Ba'akhu (Heb),שם בּאחוּ,"שם בּאחוּ, שם בּאחוּ עמדה צפּוֹר יפֿה. ילד שוֹבב הרים אבן וזרק לה..."
784,Sham Be'erets Hemdot Avot (Heb),שם בארץ המדת אבות (עבֿרית),שם בארץ המדת אבות
785,Sham Bimkom Arazim (Heb),שם בּמקום ארזים (עבֿרית),
786,Shamil (Heb),שׁאמיל (עבֿרית),
787,Shamra Nafshi (Heb),שמרה נפשי (עבֿרית),
788,Shana Khadasha (Heb),שנה חדשה,
789,Shana Tova (Heb),שנה טובה (עבֿרית),
790,Sharm El Sheikh (Heb),שארמ אל שייך,
791,Sharm El Sheikh (Heb),שארמ אל שייך,"למנצח שיר מזמוֹר, הריעוּ לה' כּל-סארץ. יקוּם אדוֹני, יפוּצוּ אוֹיביו"
792,Shaymea Kayl Bikhyays (Heb),שומע קול בּכיות,
793,Shedemati,שדמתּי,"שדמתּי, עם שׂחר זרעתּיה בּדמעה, תּפלתּ היוֹגב נשמעה."
794,She'll Be Comin'...(Heb),היא תּלבּש קסורודקה,"הי תּבוא עם פעז'מה כּשתּבוא,"
795,She'll Be Comin'...(Heb),היא תּלבּש קסורודקה,"הי תּלבש קסןרודקה כּשתּבוא,"
796,Shebeshiflenu (Heb),שבּשפלנו (עבֿרית),שבּשפלנו זכר לנו כּי לעלם חסדו...
797,Shehasholom Shelo (Heb),שהשלום שלו (עבֿרית),
798,Sheikh Avreyk (Heb),שיך אברק,"אדמה, אדמתי, רחוּמה עד מוֹתי, רוּח רב חרבוֹניך הרתּיח."
799,Sheleg Al Iri (Heb),שלג על עירי (עבֿרית),
800,Shema And Ekhad (Heb),שמע ואחד,שמע ישׂראל יהוֹה אלהינוּ יהוֹה אחד.
801,Shema Kolenyu,שמע קולנו,שמע קולנו ה' אלקנו חוס ורחם עלינו וקבּל בּרחמים וברצון את...
802,Shema Kolenyu,שמע קולנו,
803,Shema Kolenyu,שמע קולנו,"שמע קולנו יי אלהינו, חוס ורחם עלינו וקבּל בּרחמים וברצון את..."
804,Shema Yisroel (Heb),שמע ישׂראל,
805,Shemer Song Medley (Heb),מירוזת (שמר),
806,Shemesh Rad Leyom (Heb),שמש רד לים (עבֿרית),
807,Shetehi Lemishmeret Shalom (Heb),שתהא למשמרת שלום (עבֿרית),"במרום ילדמו עליהם ועלינו שכות, שתהא למשמרת שלום,"
808,Shevat Aniym (Heb),שׁועת עניים (עבֿרית),שׁועת אניים אתּה תשמע צעקת הדל תּקשׁיב ותוֹשׁיע: וכתוּב דננוּ...
809,Sheyiboneh Beys Hamikdosh (Heb),שיבּנה בּית המקדש,שיבּנה בּית המקדש בּמהרה בימנוּ ותן חלקנוּ בּתוֹרתך.
810,Sheyiboneh Beys Hamikdosh (Heb),שיבּנה בּית המקדש,
811,Sheyn Vi Di Levone,שײן װי די לבֿנה,"יפה כּלבנה אתּ, כּמוֹ כּוֹכב זוֹהרת, נשׁלחתּ בּמתּנה, ישׁר לזרוֹעוֹתי."
812,"Sheyn Vi Di Levone (Heb, Medley)","שײן װי די לבֿנה (עבֿרית, מעדלי)","יפה כּלבנה אתּ, כּמוֹ כּוֹכב זוֹהרת, נשׁלחתּ בּמתּנה, ישׁר לזרוֹעוֹתי."
813,Sheyne Sheyndl (Heb),שיינע שיינדל (עבֿריתּ),
814,Shibolet Basada (Heb),שבּלת בּשׂדה,שבּלת בּשׂדה כּורעה בּרוח מעומם גרעינים כּי רב. ובמרחב הרים יןם...
815,Shibolet Basada (Heb),שבּלת בּשׂדה,שבּלת בּשׂדה כּורעה בּרוח מעומם גרעינים כּי רב. ובמרחב הרים יום...
816,Shifkhi Kamayim (Heb),שפכי כּמים (עבֿרית),שפכי כּמים לבך נוכח פּני השם.
817,Shim'i Bat - Bat Mitsva (Heb),שמעי בת - בת מצוה (עבֿרית),
818,Shimu Shimu,שמעו שמעו,שמעו שמעו שוכני אהלים הולכה שׂורכה אורחת גמלים.
819,Shimu Shokhney Ohalim,שמעו שמעו שוכני אהלים,שמעו שמעו שוכני אהלים הולכה שׂורכה אורחת גמלים.
820,Shinanim (Heb),שׁנאנים (עבֿרית),שׁנאנים שׁאננים כּנצוֹצים ילהבוֹ להטיהם וּמעטיהם כּעין קלל יצהבוּ
821,Ship Of Exiles (Heb),אניות הגולים,
822,Shir Asirey Ako (Heb),שיר אסירי עכּוֹ,
823,Shir Baboker Baboker (Heb),שיר בּבּוקר בּבּוקר (עבֿרית),
824,Shir Eres (Heb),שיר ערשׂה,
825,Shir Haavoda (Heb),שיר העבוֹדה (עבֿרית),"כּחל ים המים, נאוה ירושלים, אוֹרים השנים על נגב וגליל"
826,Shir Haavoda Vehamolokha (Heb),שיר העבוֹדה והמלאכה (עבֿרית),מי יצילנוּ מרעב? מי יאכילנוּ לחם רב? וּמי ישׁקנוּ כּוס חלב?
827,Shir Hahagana (Heb),שיר ההגנה,בּין גבוּלוֹת בּדרכים ללא דרך בּלילוֹת חשׂוּכי כּוֹכבים:
828,Shir Hakhablanim (Heb),שיר החבּלנים (עבֿרית),
829,Shir Hakhamisha (Heb),ואולי,
830,Shir Hamgeyn Uhamari (Heb),שיר המגן והמרי,
831,Shir Hapalmakh,"שיר הפּלמח""","מסביב יהום הסער, אך ראשנוּ לא ישח, לפקודה תמיד אנחנו,"
832,Shir Hapalmakh,"שיר הפּלמח""",
833,Shir Haroeh (Shepherd Song),שיר הרועה,
834,Shir Hashikur (Heb),שיר השיכור,
835,Shir Hashikur (Heb),שיר השיכור,הדרך נראית לי. כל כך רחוקה. הכביש מתנרעע ואת רחוקה קרוב לי..
836,Shir Hashirim (Heb),שיר השירים,"שיר השירים אשר לשלמה, ישקני מנשיקותּ פּיהו כּי-טובים דריך מייו."
837,Shir Hashirim (Heb),שיר השירים,
838,Shir Hashirim 01:01,שיר השירים,"שיר השירים אשר לשלמה, ישקני מנשיקותּ פּיהו כּי-טובים דריך מייו."
839,Shir Hashtil (Heb),שיר השתיל (עבֿרית),
840,Shir Hashuk (Heb),שיר השוק (עבֿרית),
841,Shir Hatemenay (Heb),שיר תמני (עבֿרית),"גמל גמלי, גמל גמלי, כּוס עמל לו ולי, צוארו מה יפה,"
842,Shir Hekharut (Heb),שיר החרות,
843,Shir Hu Lo Rak Milim (Heb),שיר הוא רק מילים (עבֿרית),
844,Shir Khatana (Heb),שיר חתּונה,"נגני, נגני, תּזמורתּ עד בּלי די אתּ מוציאה אותּי מכּל כּלי"
845,Shir Lashalom (Heb),שיר לשלום,"תנו לשמש לעלות, לבּקר להאיר, הזכּה שׁבּתפילות אותנו לא תחזיר."
846,Shir Lashalom (Heb),שיר לשלום,
847,Shir Lepeysekh (Heb),שיר לפּסח (עבֿרית),
848,Shir Li Et Halayla (Heb),שיר לי את הלילה,
849,Shir Li Shiri Li (Heb),שיר לי שירי לי (עבֿרית),
850,Shir Sameakh (Heb),שיר שׂמח,אם גם ראשנוּ שח ועצב סוֹבבנוּ - הבה ונתלקח מן השׂמחה שבּנוּ.
851,"Shir Shabat (Heb, Kuni Leml)","שיר שבּת (עבֿרית, קוני למל)",
852,Shir Shlomo Hamelekh (Heb),שיר שלמה המלך (עבֿריט),"שלמה המלך, הוא ידע חידות ומשלים. מכל אדם חכם שלמה."
853,"Shir Sium (Final Song, Heb)",שיר סיוּם (עבֿרית),"הצרצרים בּקיץ שׁרים להם, ימים קצרים בּקיץ עוֹברים להם..."
854,Shir Tsayltsalim (Heb),שיר צלצוּלים  (עבֿרית),
855,Shir Yayin (Heb),שיר יין (עבֿרית),
856,Shir Yeledim G'dolim (Heb),שיר לילדים גדולים,
857,Shir Yom Hetsmaut (Heb),שיר יום העצומאות (עבֿרית),
858,Shira Hano'ar (Heb),שירה הנוער (עבֿרית),"שירה הנער שיר עתידנוּ, שיר התחדשוּת בּנין ועליה."
859,"Shiras Devorah (Judges 05:01, Heb)","שירת דבוֹרה (שופטים ה, עבֿרית)",ותּשׁר דבוֹרה וּבּרק בּן-אבינעם בּיוֹם ההוּא לאמר: בּפרע פּרעוֹת בּישׂראל
860,Shirat Ha'asavim (Heb),שירת העשׂבים (עבֿרית),
861,Shiri Hashuk (Heb),שירי השוק,
862,Shiru Shir (Heb),שירו שיר,
863,Shiru Shir Khadash (Heb),שירו שיר חדש (עבֿרית),
864,Shivat Tsion,שיבת ציון,"מה-זאת עיני תאטינה! כּיונים תיופנת, יןסף ובּנימין, על דלתותי.."
865,Shivkhi Ma'oz (Heb),שהחי מעוז (עבֿרית),"מעוז צור ישׁועתי, לך נאה לשׁבח, הרחק הרחק ליד בּיתי,"
866,Shlof Mayn Kind Mayn Kroyn,"שלאָף מײַן קינד, מײַן קרױן",
867,Shlof Mayn Kind Shlof Keseyder,"שלאָף מײַן קינד, שלאָף כּסדר",
868,Shmil (Heb),שמילה (עבֿריצ),
869,Shneym Asar Hayrakhim (Heb),שנים עשׂר הירחים,
870,Shneynu Hagesher Nivge (Heb),שנינו הגשר נבגה (עבֿרית),
871,Shneynu Me'oto Hakfar (Heb),שנינו מאותו הכּפר (עבֿרית),אנחנו שנענו מאותו הכּפר: אותה קומה - אותה בלורית שער...
872,Shneynu Yakhdav (Heb),שנינו יחגעו (עבֿרית),
873,Shnirele Perele,שנירעלע פּערעלע,"יבוא אדיר ויגעלינו, יבוא אליהו ויבשרנו..."
874,Shokheyn Ad (Heb),שׁוֹכן עד (עבֿררית),שׁוֹכן עד מרוֹם וקדוֹשׁ שׁמוֹ. וֹכתוּב. רננוּ צדיקים בּיי לישׁרים...
875,Sholem Aleykhem,שלוֹם עליכם,"שלוֹם עליכם, מלאכי השרת, מלאכי עליוֹן,"
876,Sholem Aleykhem,שלוֹם עליכם,"שבּת שלוֹם (2) שלוֹם עליכם, מלאכי השרת, מלאכי עליוֹן,"
877,Sholem Aleykhem,שלוֹם עליכם,"שלוֹם עליכם, מלאכי השרת, מלאכי עליוֹן, ממלך מלכי המלכים..."
878,Sholem Aleykhem,שלוֹם עליכם,"שלוֹם עליכם, עליכם שלוֹם, מלאכי עליוֹן,"
879,Sholem Aleykhem,שלוֹם עליכם,"בּוֹרא עוֹלם בּקנין, השׁלם זה הבּנין."
880,Sholem Aleykhem,שלוֹם עליכם,"שלום עליכם מלאכי השרת מלאכי עליון, ממלך מלכי המלעים הקשוש ברוך היא."
881,Shomer Hakhomot (Heb),שומר החומות (עבֿרית),
882,Shomer Ma Milayla (Heb),"שומר מה מליל (עבֿרית, מאַלאַמוד)","שומר מא מליל (2), הנה לא ינום ולא יישן שומר ישׂראל."
883,Shomer Ma Mileyl (Heb),שומר מה מליל,"שומר מה מליל, סהר נוגה בּרקיע, כּוכב נוצץ אורו יגיה."
884,Shomer Yisroel (Heb),שוֹמר ישׂראל (עבֿרית),
885,Shomer Yisroel (Heb),שוֹמר ישׂראל (עבֿרית),"שׁוֹמר ישׂראל, שׁמוֹר שׁארית ישׁראל, ואל יאבד ישׂראל, האוֹמרים..."
886,Shomer Yisroel (Heb),שוֹמר ישׂראל (עבֿרית),"שׁוֹמר ישׂראל, שׁמוֹר ישׁארית ישׁראל, ואל יאבד ישׂראל, האוֹמרים..."
887,Shomer Yisroel (Heb),שוֹמר ישׂראל (עבֿרית),מי שׁעשׂה נסים לאבוֹתינוּ וגאל אוֹתם מעברוּת לחרוּת.
888,"Shomer Yisroel (Heb, Cochin)",שומר ישׂראל,
889,Shomo Vatismakh Tsion (Psalm 097),שׁמעה ןתּשׂמח ציוֹן (תהלים צז),שׁמעה ותּשׂמח ציוֹן ותּגלמה בּנוֹת יבידה למען משׁפּטיך יהוֹה.
890,Shooting Stars (Heb),כּוכבים ירויים,
891,Shoshana (Heb),שושנה,"שוֹשנה, שוֹשנה, שוֹשנה - ירח נשׂא אל ענן. כּמוֹהוּ אליך שוֹשנה,"
892,Shoshanas Yaakov (Heb),שוֹשנת יעקב (העברעיִש),"שוֹשנת יעקב צהלה ושׂמחה, בּראותם יחד תּכלת מרדכי"
893,Shoshanat Yaakov (Heb),שוֹשנת יעקב (העברעיִש),"בּרוך מרדכּי הילדים, שוֹשנת יעקבֿ צהלה ושׂמחר בּראותמ יחד תּכלת..."
894,Shoshanat Yaakov (Heb),שוֹשנת יעקב (העברעיִש),"שוֹשנת יעקב צהלה ושׂמחה,"
895,Show Me Your Magic Tricks,הוי כּשפי לי,
896,Shoyn Genug (Heb),די כבר די (שױן גענוג),"שױן גענוג, שױן גענוג, קלאַפּט דײַן פֿוס יעדן טאָג אױפֿן האָרטן סרוק"
897,Shtey Banot (Heb),שׁתּי בּנוֹת (יבֿרית),"בּנוֹת שׁתּים, בּבּוֹתים, צלי וגלי עמי פּה -- מי משׁתּיהן יפה יוֹתר,"
898,Shtil Di Nakht Iz Oysgeshterent,"שטיל, די נאַכט איז אױסגעשטערנט","קר עוֹלה מתּוֹך הליל, הזרוּע כּוֹכבים, לוֹמדת עלמה יפת עינים את..."
899,"Shtiler, Shtiler",שטילער שטילער,
900,"Shtiler, Shtiler",שטילער שטילער,"שקט, שקט, בּני, נחרישה! כּאן צוֹמחים קברים,"
901,Shualey Shimshon (Heb),שועלי שמשון (עברית),"הוּ, הוּת שׁוּעליו שׁל שׁמשׁוֹן ארבּעה, ארבּעה על הג'יפּ הדוֹהר,"
902,Shur Dodi Hadar (Heb),שור דודי חדר,שיר דודי חדר צביח עזובה בּין גדוד אריות
903,Shuvi Nafshi (Heb),שׁובי נפשי (עבֿרית),
904,Shuvu Otam (Heb),שובו אותם (עבֿרית),
905,Shy Lekhayil (Hebrew),שי לחייל,שי קטן לחפירה הגיעני המימותּ נשבה עלי ולפתּע לבי נקפני
906,Silently (Heb),דומם (עבֿרית),
907,Sim Sholom,שׂים שלום,שׂים שלוֹם טוֹבה וּברכה חן וחסד ורחמים עלינוּ ואל כּל ישׂראל עמך.
908,Sim Sholom,שׂים שלום,
909,Sim Sholom,שׂים שלום,שׂים שלום טובה וברכה חן וחסד ורחמים
910,Sim Sholom,שׂים שלום,שׂים שׂים שלום טובה  טובה וברכה חן וחסד ורחמים
911,Sim Sholom,שׂים שלום,שׂים שחום טובה וברכה חן וחסד ורחמים
912,Simi Yodeyakh (Heb),שׂימי ידך,
913,"Simi Yodeyakh (Parody, Heb)",שׂימי ידך,"מה לי שמפניה ומה לי רום כשבלעדיך אין לי כלום,"
914,Simkhat Tora Medley (Heb),שׂמחת תורה: סולנים ומקהלה (עבֿרית),
915,Simkhe Medley (Heb),שׂמחה מעדלי (עבֿרית),
916,Simkho Leartsekho (Heb),שׂמחה לארצך,"שׂמחה לארצך, ושׂשׂון לעירך, וצמיחת קרן לדוד עבדך,"
917,Simkhu Et Yerushalayim (Heb),שׂמחוּ את ירוּשׁלם (עבֿרית),שׂמחוּ את ירוּשלם רגילוּ בה כּל אהבים שׂישׂוּ אתּה משׂןשׂ כּל המתאבּלים..
918,Simkhu Na (Heb),שׂמחו נא (עבֿרית),
919,Simon Tov Vemazl Tov,סמן טוֹב וּמזל טוֹב,סמן טוֹב וּמזל טוב יהא לנוּ וּלכל ישׂראל אמן.
920,Simon Tov Vemazl Tov,סימן טוֹב וּמזל טוֹב,סמן טוֹב וּמזל טוב יהא לנוּ וּלכל ישׂראל אמן.
921,Simon Tov Vemazl Tov,סמן טוֹב וּמזל טוֹב,"סמן טוֹב וּמזל טוֹב, וּמזל טוב וּסמן טוֹב יהא לנוּ וּלכל ישׂראל,"
922,"Simon Tov Vemazl Tov (Heb, Medley)","סמן טוֹב וּמזל טוֹב (עבֿרית, מעדלי)",
923,Simona Mi'dimona (Heb),סימוֹנה מדימוֹנה,"יוֹם יוֹם על רמתּ דימוֹנה, שם נצבתּ היא נוּגה, שזוּפה וּשמה סימוֹמה"
924,Sirati (Heb),סיריתי (עבֿרית),
925,Sisu Et Yerushalayim (Heb),שׂישׁוּ את ירוּשלים,"שׂישׂו את ירוּשלים, גילוּ בה, גילוּ בה כּל אוֹהביה, כּל אוֹהביה"
926,Sisu V'simkha B'simkhas Tora (Heb),שׂישׂו ושׂמחוּ בּשׂמחת תּוֹרה,שׂישׂוּ ושׂמחוּ בּשׂמחת תּוֹרה וּתנוּ כּבוֹד לתּוֹרה. כּי טוֹב סחרה מכּל...
927,Sisu V'simkha B'simkhas Tora (Heb),שׂישׂו ושׂמחוּ בּשׂמחת תּוֹרה,
928,Sisu V'simkha B'simkhat Tora (Heb),שׂישׂו ושׂמחוּ בּשׂמחת תּוֹרה,שׂישׂוּ ושׂמחוּ בּשׂמחת תּוֹרה וּתנוּ כּבוֹד לתּוֹרה. כּי טוֹב סחרה מכּל...
929,Sisu V'simkhu (Heb),שׂישׂוּ ושׂמחוּ (עבֿרית),"שׂישׂוּ ושׂמחוּ בּשׂמחת חג, מחאוּ כּפּים. נגנוּ שיר בּקוֹל חזק,"
930,Sisu V'simkhu (Heb),שׂישׂוּ ושׂמחוּ (עבֿרית),
931,"Six Pieces From ""Mishnayoth"" (Heb)","קטעים מתוך משניות"" (עבֿרית)""",
932,Slikhot (Heb),סליחות (עבֿרית),
933,Some Sign of Life (Heb),סימן חיים,"זהו השיר האחרון זה סוף הדרן, ולא חשוב אם בּני עשׂרים אוארבעים"
934,Songs Of The River (Heb),משירי הנחל (עבֿרית),
935,Sov Sov Sovivon (Heb),סב סב סביבוֹן (עבֿרית),"סב סב..סביבוֹן, מיריוֹשלים לגבעוּן, מגבעוֹן סב עד בּית אל וּמשם..."
936,Sovevuni (Heb),סוֹבבוּני (עבֿרית),"סוֹבבוּני, להט אש בּוֹירת, רדקוּ ךי שיר יחיד, זה הזמר, זה ואין..."
937,Spring Is Here (Heb),כבר אביב (עבֿרית),
938,Stam Yom Shel Khol (Heb),שתם יום של חול (עבֿרית),
939,Still Breathing (Heb),לא מתּ,"לא מתּ העלום לא מתּ, בּבּוקר השמש זורחתּ, אמחנו יוצאים וחיים,"
940,Suka (Heb),סוכּה (עבֿרית),
941,Suka Velulav (Heb),סוכּה ולולב (עבֿרית),
942,Sukot (Heb),סכּות (עבֿרית),
943,Surabaya (Heb),סוראביה (עבֿרית),
944,Sweet Of My Heart (Heb),מחמד לבכי (עבֿרית),"החכלא צפור קולה, עת השמש דום עולה. פרח חן יכלא בןשמו,"
945,Tal Kadish  (Heb),תל קדיש (עבֿרית),
946,Tal Ya'asis (Heb),טל יעסיס (עבֿרית),"טל יעסיס צוף חרים, טעם במאודיך מובחרים."
947,Talit (Heb),טלית (עבֿרית),
948,"Tapuakh Khinayne (Here I Am, Heb)",תּפּוּח חינני,נד אילן צמרתּוֹ לטף הרוּח ונשק עליו. שם בּגן יפתּי קטפה תּפּוּח...
949,Tavlul El Hay'in (Hebrew),תבלול על העין,שמעו נא אנשים הטובים מה עשה המנוול הנבזה קטף פרח פורח בסלעים
950,Teka Beshofar (Heb),תקע בּשופֿר,
951,Tekhezakana,תּחזקנה,"תּחוזקנה ידי כּל אחינו המחוֹננים, עפרוֹת ארצנוּ בּאשר הם שם,"
952,Tel Aviv (Heb),תּל-אביב,
953,Tel Aviv (Heb),תּל-אביב,"תּל אביה היא עיר יהודית שׁכּלה ישׂראל, יהודים בּא גם השׁיר וגם..."
954,Tel Khay (Heb),תּל חי,
955,Tell Me (Heb),אמרי לי (עבֿרית),
956,Ten Shabat Veten Shalom (Heb),תן שבּת ותן שלום,תן שבּת ותן שלום בּעיר ירושלים
957,Ten Shabat Veten Shalom (Heb),תן שבּת ותן שלום,"הצללים כּבּר מתארכים אחר הצהרים, תן שבּת ותן שלום בּעיר ירושלים,"
958,Teyn Li Lashir (Heb),תן לי לשיר (עבֿרית),"תן לי לשיר, תן לי לשיר, ואשיר שיר הורות, שיר תודות לה"""
959,Teyn Li Rega Lekhashuv (Heb),תן לי רגע לחשוב (עבֿרית),
960,Teyvat Noakh (Heb),תּבת נח,"מסוֹף עוֹלם עד סוֹף עוֹלם--הס! תּם כּל בּשׂר וכּל אדם פּס; רק מים, מים"
961,Tfile Lesholom (Heb),תפילה לשלום (עבֿרית),
962,Tfilot Yom Huldot (Heb),תפילת יום הולדת (עבֿרית),"אלהים שלי אשר מאחורי חברוש, זה שברות לרגע נרעד,"
963,The Butterfly (Heb),אין פּרפּרים בּגיטו (עבֿרכת),
964,The Days Of Awe (Heb),ימים הנורים (עבֿרית),
965,The Death Of...Bal Shem Tov (Heb),"מותו של הבּשט""",
966,The Farewell Song,שיר הפרידה של מרכוט,
967,The First Three Stars...(Heb),שלושה כּוכבים ראשונים...,
968,The Flute Playing...(Heb),החליל חמישה ושישה (עבֿרית),החליל חמשה וששה. זהו החליל של בית השואבה.
969,The Girl Sings To The River (Heb),הילדה שרה לנחל (עבֿרית),לאן ישא הזרם את פני הקשנים? למה הוא קורע את עיני?
970,The Golden Ring (Heb),עבעת זהב,
971,The Land Will Quiet Down (Heb),הארץ עוד תשקוט (עבֿרית),"איני יודעת איך חלף הרנע, רק אתמול נולדת"" וכבר בת ""ארכעים"".."""
972,The Laurel Wreath (Heb),זרי הדפנה,"הלילה נגנח על זרי הדפנה, ומחר ועוד חודש ועוד שנה"
973,The Little Hut (Heb),הצריך הקטן (עבֿרית),
974,The Lovers Duet,דואט מורכוס מירלה,
975,The Moon Sings To The River (Heb),הירה שר לנחל (עבֿרית),"אני ביחוד במרום, אני הרבוי במצלה, תשקיף מן הנחל אלי שמותי..."
976,The New Baby (Heb),התינוקת החדושה (עבֿרית),
977,The People Of Israel... (Heb),עם ישׂראל הוא עם הספר...,
978,The Puddle (Heb),השלולית (עבֿרית),
979,The River Sings To The Stone (Heb),הנחל שר לאבן (עבֿרית),"את האבן נשקתי בצנה חלומה, כי אני המזמור והיא הדמטה,"
980,The Sappers Song (Heb),שיר החבלנים,
981,The Seventh Sin (Heb),החטא השביעי (עבֿרית),חהטא שלי הוא --- אני אוהבת --- ואף על פי ש --- בכל זאת אני
982,The Thank You Letter (Heb),מכתב לדודה (עבֿרית),
983,The Third Meal...(Heb),הסעודה השלישית - מוסר ומושג,
984,The Tree Sings To The River (Heb),העץ של לנחל (עבֿרית),"אשר נשא את סתוי הזהוב, את דמי בשלכת גרף, אשר יראה אביבה כי.."
985,The Two of Us Together (Heb),שנינו יחדיו,
986,The Volunteer (Heb),המתנדבת,
987,This Is The Last War (Heb),בּתּים,"זו תּהיה המלחמה האחרומה, והיא תּקפיד ולא תּפסח על דלתּ"
988,This Other Jerusalem (Heb),ירושלים האחרת,
989,Tiku (Heb),תּקעוּ (עבֿרית),תּקעוּ בחדשׁ שׁוֹפר בּכּסה ליוֹם חגנוּ: כּי חק לישׂראל הוּא משׁפּת...
990,Tishon Khabibi (Heb),תּישן חבּיבּי,"תּישן הבּיבּי. אם תּרצה כּוכב זהב תּגיד לי,"
991,Tiskabeyl (Heb),תּתקבּל,תּתקבּל צלוֹתהוֹן וּבעוּתהוֹן דכל בּית ישׂראל קדם אבוּהוֹן די בשמיא...
992,Titgadal (Heb),תתגדל (עבֿרית),
993,Tivne Khomos Yerushalayim (Heb),תבנה חוֹמות ירושלים (עבֿרית),
994,To The Barricades (Heb),עלי בּריקדות,
995,Toda (Heb),תּודה (עבֿרית),
996,Tonu (Heb),תנו,
997,Torati Al Tishkakh (Heb),תּורתי אל תשכּח (עבֿרית),
998,Tov Hu Hayaeyn (Good Is The Wine),טוב הוא היין (העברעיִש),
999,Tovim Meoros (Heb),טובים מאורות,"טוֹבים מאוֹרוֹת שׁבּרא אלוֹקים יצרם בּדרת בּבינה וּבהשכּל,"
1000,Tovim Meoros (Heb),טובים מאורות,
1001,Tsadik Katamar Yifrakh (Heb),צדיק כּתמר יפרח (עבֿרית),
1002,Tsadik Katamar Yifrakh (Heb),צדיק כּתמר יפרח (עבֿרית),צדיק כּתּמר יפרח כּארו בּלבנוֹן ישׂגה. שׁתוּלים בּבעת יהיה בּחצרוֹת...
1003,Tsadik Ketamar Yifrakh (Heb),צדיק כּתמר יפרח (עבֿרית),צדיק כּתּמר יפֿרה כּארו בּלבנוֹן ישגה. שתוּלים בּבית יהוֹה בּחצרות...
1004,Tsadik Ketamar Yifrakh (Heb),צדיק כּתמר יפרח (עבֿרית),צדיק כּתּמר יפרח כּארו בּלבנוֹן ישׂגה. שׁתוּלים בּבעת יהיה בּחצרוֹת...
1005,Tsadik Ketamar Yifrakh (Heb),צדיק כּתמר יפרח (עבֿרית),
1006,Tsena Tsena,צאנה צאנה,"צאנה, צאנה, צאנה, צאנה, הבּנוֹת וּראינה חילים בּמושבה."
1007,Tsena Tsena,צאנה צאנה,"צאנה, צאנה, צאנה, צאנה, הבּנוֹת וּראינה חילים בּמושבה"
1008,Tsena Tsena,צאנה צאנה,"צאנה, צאנה, צאנה צאנה, הבּנוֹת וראינה חילים בּמושבה."
1009,Tshiribim (Lomir Zingen Kinderlekh),טשיריבים (לאָמיר זינגען קינדערלעך),הבה ונשׁיר רעי בּיחד את הזמר זה השׁיר אשׁר מתחיל ואין לוֹ אין...
1010,Tshiribim (Lomir Zingen Kinderlekh),טשיריבים (לאָמיר זינגען קינדערלעך),
1011,Tshiribim (Shabos Koydesh Kumt),טשיריבים (שבּת קשוֹש קומט),"ס'איז שױן...אױף דער מאַרק, מע זאָל שױן מער נישט פֿאָרן,"
1012,"Tshiribim (Heb, Medley)","טשיריבים (עבֿרית, מעדלי)",
1013,Tshizbat (Heb),צ'יזבּאט (עבֿרית),
1014,Tsif Tsif Me'al Haratsif (Heb),בּשנה הבּאה,
1015,Tsiktshik Boomboom (Heb),צ'יקצ'יק בּומבּום,
1016,Tsilatselu Metsilot (Heb),צלצלו מצילות,"ציל ציל צלצלו מצילות עדרים בּהרים צלצלו מצילןת, על י עין..."
1017,Tsimerman (Heb),צימרמן (עבֿרית),
1018,Tsion Tamati (Heb),ציון תמתי (עבֿרית),
1019,"Tsipor, Tsipor (Heb)",ציפּור ציפּור (העברעיִש),
1020,Tsivonim (Heb),צבעונים (עבֿרית),צבעוֹנים אך אלה צבעוֹנים בּכּל אשמה היברה.
1021,Tsizbat (Heb),צ'יזבּט (עבֿרית),
1022,Tsoma (Heb),צמאה,
1023,Tsu Dayn Geburtstog,צו דײַן געבורסטאָג,
1024,Tsur Mishelo,צור משלו,
1025,Tsur Mishelo,צור משלו,"צור משלו אכלמו, ברכו אמוני שׂבימו והותרנו ד'."
1026,Tsur Mishelo (Klopfer),צור משלו (קלאָפּפֿער),"צור משלו אכלמו, ברכו אמוני שׂבימו והותרנו ד'."
1027,Tsur Mishelo (Klopfer),צור משלו (קלאָפּפֿער),"צוּר משלוּ אכלמוּ, בּרכוּ אמוּני שׂבימוּ והוֹתרנוּ כּדבר ה'"
1028,Tsur Mishelo (Sephardic),צור משלו (ספֿרדיש),"צור משלו אכלמו, ברכו אמוני שׂבימו והותרנו ד'."
1029,Tsvey Briv Tsum Lyadier Rebn,צװײ בריװ צום ליאַדער רבּין,
1030,Tum Balalayke,טום באַלאַלײַקע,"עוֹמד בּחוּר עוֹמד והוֹשב, בּמי בּמי להתאהב. לילה שלם עוֹמד וחוֹשב,"
1031,Tum Balalayke,טום באַלאַלײַקע,
1032,Tumba (Heb),טוּמבּא (עבֿרית),"טוּמבּא (4), נעלה מן הגולה (4), ארצה ערץ אבותינו, אל ארצנו..."
1033,Twilight (Heb),לפנות ערב,
1034,Ufaratsta (Heb),וּפרצתּ,וּפרצתּ ימה וקדמה צפוֹנה ןנגבּה.
1035,Ufros Aleynu (Carlibach),ופרוס עלינו (קרליבך),יתגדל ויתקדש שמה רבּא. בּעלמא די ברא כרעוּתה.
1036,Ulai Od Lo Nigmar (Heb),אילי עוד לא נגמר,
1037,Umavir Yom (Heb),ומעביר יום (עבֿרית),"ומעריב יום ומניא לילא, ומבדיל בין יום יבין לילה,"
1038,Umipne Khatoynu (Heb),ומפּני חטאינו,
1039,Un'saneh Tokef (Heb),וּנתנה תּוקף,"כּבקרת רוֹעה עדרוֹ: מעביר צאמוֹ תּחת שבטוֹ, כּן תּעביר ותספּוֹר..."
1040,Un'saneh Tokef (Heb),וּנתנה תּוקף,
1041,Undzer Nigundl,אונדזער ניגונדל,"האָבן מיר אַ ניגונדל, אין נחת און אין פֿרײדן, זינגען מיר עס,"
1042,Unter A Kleyn Beymele,אונטער אַ קלײן בײמעלע,
1043,Unter Dayne Vayse Shtern (Brodno),אונטער דײַנע װײַסע שטערן,תּחת זיו כּוֹכבי שמים שים עלי את כּף ידך!
1044,Unter Di Grininke Beymelekh,אונטער די גרינינקע בײמעלעך,
1045,Unter Di Grininke Beymelekh,אונטער די גרינינקע בײמעלעך,בּין העצים הירקרקים משה'נים שלמה'נים משחקים:
1046,Ura (Heb),עורה (עבֿרית),עורה כּבודי עורה הגבל וכנור אעירה שחר.
1047,Uri Guri (Heb),אורי גורי,היו היו הוי שני תאומים כּשתי טפּות חלב הם זה לזה דומים.
1048,Ushavtem Mayim (Heb),וּשאבתּם מים,"מים, מים בּשׂשׂוֹן, מים, מים, בּשׂשׂוֹן,"
1049,Ushavtem Mayim (Heb),וּשאבתּם מים,"וּשבתּם מים בּשׂשׂוֹן ממעיני הישוּה. מים, מים, מים, מים, הוֹי,"
1050,Utane Tokef (Heb),וּנתנה תּוקף,
1051,Utsu Eytsa (Heb),עוּצוּ עצה (עבֿרית),"עוּצוּ עצה ותוּפר, דבֿרוּ דבר ולא יקום כּי עמנו אל."
1052,Uvashofor Godol (Heb),ובשפר גדול,וּבשוֹפר גדוֹל יתּקע וקוֹל דממה דקה ישמע. וּמלאכים יחפזוּן
1053,Uvashofor Godol (Heb),ובשפר גדול,וּבשוֹפר גדוֹל יתּקע. וקוֹל דממה דקה ישמא. וימרוּ. הנה יוֹם הדין.
1054,Uvayom Simkhaskhem (Heb),וביום שׂמחתכם,
1055,Uvedivrey Kodshekha (Heb),ובדברי קדשיך (עבֿרית),
1056,Uveneh Osoh (Heb),ובנה אותה (עבֿרית),
1057,Uveyom Hashabat (Heb),וביום השבּת,"וביום, וביום, וביום, וביום, וביום השבּת,"
1058,Uvnukho Yomar (Heb),וּבנחה יאמר (עבֿרית),"וּבנחה יאמר שׁוּבה יי רבבוֹת אלפי ישׂראל: קוּמה יי למנוּחתך, אתּה..."
1059,Uvnukho Yomar (Heb),וּבנחה יאמר (עבֿרית),"וּבנחה יאמר: יי, רבבוֹת אלפי ישׂראל. קוּמה יי למנוּחתך, אתּה..."
1060,Uyivne Yersushalayim (Heb),ובנה ירושלים,ובנה ירושלים עיר הקודש במהרה.
1061,V'al Keyn (Heb),ועל כן,ועל כן נקוה לך ה' וגומר.
1062,V'al Kulom (Heb),ועל כּלם,ןעל כּלם אלוֹה סליחוֹת. סלח למוּ מחל לנוּ כּפר למוּ.
1063,V'al Kulom (Heb),ועל כּלם,ועל כּלם אלוֹה סליחוֹת. סלח למוּ מחל לנוּ כּפר למוּ.
1064,V'al Yeday (Heb),ועל ידי,
1065,V'al Yeday Avadekha (Heb),ועל ידי עבגיך,ואל ידי עבדיך הנביאים כּתוּב לאמר. הלך וקראת נאזני ירוּלים ...
1066,V'al Yeday Avadekha (Heb),ועל ידי עבדיך,ואל ידי עבדיך הנביאים כּתוּב לאמר. הלך וקראת נאזני ירוּלים ...
1067,V'al Yeday Avadekha (Heb),ועל ידי עבגיך,
1068,V'al Yeday Ze (Heb),ועל ידי זה (עבֿרית),ועל ידי זה ישפע שפע רב בכל העולמות
1069,V'ilu Finu (Heb),ואילו פינו (עבֿרית),
1070,V'korev P'zurenu (Heb),וקרב פּזוּרינוּ,וקרב פּזוּרינוּ מבּין הגוים וּנפצוֹתינוּ כּנס מירכּתי ארץ.
1071,V'taher Libenu,וטהר לבּנוּ,וטהר לבּנוּ לעבגך בּאמת.
1072,Vaharikosi Lekhem Berokho (Heb),"והריקותי לכם בּרכה (מלאכי, עברית)","והריקותי לכם בּרכה עד בּלי די, עד בּלי די,"
1073,Vahaveynu (Heb),והביאנוּ,"והביאנוּ לציוֹן עירך בּרנה, ולירוּשלים בּית מקדשך"
1074,Vakht Oyf,װאַכט אױף,
1075,Vatik (Heb),ותיק (עבֿרית),
1076,Vaydeber Moshe (Heb),וידבּר משׁה (עבֿרית),וידבּר משׁה את-מעדי יי אל-בּני ישׂראל.
1077,Vayhi Bakhaytsi (Heb),ויהי בּחצי (עבֿרית),
1078,Vayiven Uziyahu-2 Chronicles 26:09,ויבן עזיהוּ (דברי הימים ב כו),"ויבן עזיהוּ מגדלים בּירוּשלים ויחזקם, ויחזקם, ויבן מגדלים בּמדבּר"
1079,Vayom Ekhad Vayom Bahir (Heb),בֿיום אחד בֿיום בּהיר,"ביום אחד ביום בּהיר שפתּ אותּי קצין בּכיר,"
1080,Vayukhulu (Heb),ויכולו (עבֿרית),
1081,Va-ani Tefilati (Heb),ואני תפילתי (עבֿרית),
1082,Ve'aynanu Treyenu Malketekho (Heb),ועינינו תראינה מלכּותך (עבֿרית),
1083,Vedavid Yefe Eynayim (Heb),ודוד יפה עינים,"ודוד יפה עינים, הוּא רוֹעה בּשוֹשנים, הכּה שאוּל בּאלפיו,"
1084,Vedavid Yefe Eynayim (Heb),ודוד יפה עינים,"ודוד יפה עינים, הוּא רוֹעה בּשוֹשנים, הבּה שאוּל בּאלפיו,"
1085,Vegar Ze'e Im Kvess (Heb),השׂם נפשׁנו (עבֿרית),
1086,Vehakohanim (Heb),והכּהנים (עבֿרית),
1087,Vehakohanim (Heb),והכּהנים (עבֿרית),תּבא לפניך תּפלתנוּ ואל תּתעלם מתּחנתנוּ. שׁאין אנחנוּ עזי פנים...
1088,Vehasianu (Heb),והשׂיאנו (עבֿרית),
1089,Vehaviney Letsion (Heb),והביאנו לציום (עבֿרית),
1090,Veheyu Beakharit Hayomim (Heb),"והיה בּאחרית הימים (ישעיה ב, עבֿרית)",והיה בּאחרית הימים נכוֹן יהיה בּית-יהוּה בּראשׁ ההרים ונשׂא מגבעוֹת
1091,Vehi Sheomdo (Heb),והיא שעמדה,"והיא שעמדה, והיא שעמדה, לאבוֹתינוּ ולנוּ,"
1092,Vehi Sheomdo (Heb),והיא שעמדה,"והיא שעמדה, שעמדה לאבוֹתינוּ, לאבוֹתינוּ ולנוּ,"
1093,Vehi Sheomdo (Heb),והיא שעמדה,"והיא שעמדה לאבוֹתינוּ ולנוּ, שלא אחד בּלבד עמד עלינוּ לכלוֹתינוּ"
1094,Vekhi Yadav Shel Moshe (Heb),וכי ידיו של משה,
1095,Vekhol Hakhiam (Heb),וכל החיים,
1096,Vekhol Hakhiam (Heb),וכל החיים,"וכל חהיים יודוך סלה ויהללו את שׂמך בּאמת הא' ישועתנו סלה,"
1097,Vekhol Karni (Heb),וכל קרני,
1098,Vekhol Ma'aminim (Heb),וכל מאמינים,
1099,Veliyerushalayim Irkha (Heb),ולירוּשלים עירך,ולירוּשלים עירך בּרחמים תּשוּב ותשכּוֹן בּתוֹכה כּאשר דבּרתּ
1100,Velo Nesato (Heb),ולא נתתּוֹ (עבֿרית),ולא נתתּוֹ יי אלהינוּ לגוֹיי הארצות. ולא הנחלתּוֹ מלכּנוּ לעוֹבדי...
1101,Velu (Heb),ולוּ (עבֿרית),"ולוּ ילדים, ילדים קונים -- בּרוך משׁכּיחנוּ עקת השׁנים."
1102,Ven S'kumt Der Friling Vider (Heb),װען ס'קומט דער פֿרילינג...(עבֿרית),
1103,Venzkhe Venikhye (Heb),שוֹמר ישׂראל (עבֿרית),
1104,Ver Der Ershter Vet Lakhn,װער דער ערשטער װעט לאַכן,
1105,Ver Hot Aza Yingele (Heb),װער האָט אַזאַ ייַנגעלע (עבֿרית),
1106,Verastikh Li (Zwick),וארשׂתּיך לי (צװיק),"וארשׂתּיך לי לעוֹלם וארשׂתּיך לי, בּצדק ובמשפּט, וּבחסד וּברחמים:"
1107,Verastikh Li (Shneyer),וארשׂתּיך לי (שנײנער),"וארשׂתּיך לי לעוֹלם וארשׂתּיך לי, בּצדק ובמשפּט, וּבחסד וּברחמים:"
1108,Vesamakhta Behagekha (Heb),ושׂמחתּ בּחגך,ושׂמחתּ בּחגך והיית אך שׂמח.
1109,Vesamakhta Behagekha (Heb),ושׂמחתּ בּחגך,
1110,Vesham Nashir (Heb),ושם נשיר (עבֿרית),"ושם נשיר שיר חדש וברננה נעלה, הרחמן הנקדש יתהברך ויתעלה,"
1111,Vetekhezena (Heb),ותחזינה,
1112,Veyeda Kol Pa'ol (Heb),וידע כּל פּעול (עבֿרית),"וידע כּל פּעול כּי אתה פעלתי ויבין כּל יצור כּי אתה יצרתי,"
1113,Veyehi Rotson (Heb),ויהי רצוֹן (עבֿרית),יהי רצוֹן מלפניך יהוֹה אלהינוּ ואלהי אבוֹתינוּ שׁתּרגינוּ...
1114,Veyesoyu (Heb),ויאתיו,
1115,Veyismekhu Vekho Yisroel (Heb),וישׂמחו בך ישׂראל (יבֿרית),וישׂמחו בך ישׂראל מקדשי שמך.
1116,Veyivtekhu Vekho (Heb),ויבטחוּ בך,"ויבטחוּ בך יוֹדעי שמך, כּי לא עזבתּ דוֹרשיך ד'"
1117,Veyizku Lirot Banim (Heb),ויזכּו לראות בּנים (עבֿרית),
1118,Veyofayk (Heb),ואפיק (עבֿרית),
1119,Vezokher (Heb),וזוכר (עבֿרית),וזוכר חסדי אבית ומביא גאול לבני בגיהם למאן שמו באהבה.
1120,Vezrun Lakh (Heb),ויזרון לך (עבֿרית),
1121,Vism Khelkaynu (Heb),ושׂים חלקנו (עבֿרית),ושׂים חלקנו עמהם לעולם ולא נבוש כּי בּך בּטחנו.
1122,Vos Vestu Tun in Palestina ? (Heb),איפה הייתּ,"איפה הייתּ, איפה הייתּ, היגידי לי בּיתּי היקרה?"
1123,Vu Ahin Zol Ikh Geyn? (Korntayer),װוּ אַהין זאָל איך גײן? (קאָרנטײַער),"לאן עלך ואפנה, את דרכּי אין למצא, לאן אלך ואפנה, נעוּלוֹת כּל..."
1124,Wake Me To Bless Thy Name (Heb),את שׁמך לברך עוררני (עבֿרית),אלהי משׁכּנוֹתיך ירידוֹת וקרבתך בּמראה לא בחידוֹת
1125,Waltz (Heb),ולס,"האביב לא שינה דעתּ איש, עופי עופי לך ציפורי"
1126,We Are The Talk Of The Town (Heb),כּל העיר מרכלת עלינו (עבֿרית),
1127,We Live Underground (Heb),חיים אנן בּמהתרת,
1128,We're No Dancers (Heb),אנחנו לא רקדנים (עבֿרית),
1129,When The Saints...(Heb),כשיבוא שלום (עברית),
1130,Where Are You My Love (Heb),איפה את אהוהב (עבֿרית),
1131,Who Cares (Heb),מה איכפת,
1132,With Timbrel & Dance (Heb),בתופים ובמחולות (עבֿרית),
1133,Without Words (Heb),ללא מלים,
1134,Yaale (Heb),יעלה,יעלה תּחנוּננוּ מערב. ויבא שועתנוּ מבּקר. ויראה רנוּננוּ עד ערב.
1135,Yad Anuga,יד ענוגה,
1136,Yafim Haleylot Bikhanan (Trad),יפים הלילוֹת בּכנען (טראַד),"מה יפים הלילוֹת בּכנען, צוֹננים הם וּבהירים, הדממה פלטה שיר,"
1137,Yafim Haleylot Bikhanan (Trad),יפים הלילוֹת בּכנען (טראַד),"יפים הלילוֹת בּכנען, צוֹננים הם וּבהירים, הדממה"
1138,Yafim Haleylot Bikhanan (Trad),יפים הלילוֹת בּכנען (טראַד),"יפים הלילוֹת בּכנען, צוֹננים הם וּבהירים, הדממה פלטה שיר,"
1139,Yakh Khay Li Li (Heb),יח חי לי לי (יבֿרית),
1140,Yalditi Marusya (Heb),ילדתי מרוסיה (עבֿרית),
1141,Yamay Hayu Kalim (Heb),ימי היו קלים (עבֿרית),
1142,Yankele,יאַנקעלע,"נומה נומה יעקלה קטנצייק, את שתי עיניך השחורות עצים,"
1143,Yankele,יאַנקעלע,"נוּמה. יענקלה, עצם עינים, הנה הכּוֹכבים מעל עלוּ,"
1144,Yankele,יאַנקעלע,
1145,Yareda Hashabat (Heb),ירדה השבּת (עבֿרית),"ירדה השׁבּת אל בּקעת גגוֹסר וניחוֹת עתּיק בּשׁוּליה,"
1146,"Yarkoni, Potpouri (Heb)","ירקוני, פּאָפּורי (עבֿרית)",
1147,Yatsa Yehudi (Heb),יצא יהוּדי,"יצא יהוּדי מבּיתוֹ אל הריִוֹב - הוֹי, רחימאים, הראיתם שם -"
1148,Yatsanu At (Heb),יצאנוּ אט,"יצאנוּ אט, הוּר היה הליל. בּמרחקים הבליחוּ האוֹרוֹת. ואתּ היית..."
1149,Yeder Ruft Mir Zhamele (Heb),יעדער רופֿט מיר זשאַמעלע (עבֿרית),
1150,Yedidi Hekhaluts,ידידי החלוץ,"ידידי החלוץ הלף, אשתקר לצבא ילדה יפה מאד השאיר במושבה"
1151,Yehay (Heb),יהא,
1152,Yehi Rotson (Heb),יהי רצון (העברעיִש),
1153,Yehi Rotson (Heb),יהי רצון (העברעיִש),יהי רצוֹן לפניך שׁוֹמע קוֹל בּכיוֹת. שׁתּשׂים דמעוֹתינוּ בּנאדך להיוֹת.
1154,Yehi Shalom (Heb),יהי שלום (עבֿרית),
1155,Yekhadshehu (Heb),יחדשהוּ (עבֿרית),יחדשׁהוּ הקדוֹשׁ בּרוּך הוּא עלינוּ ועל כּל עמוֹ בּית ישׂראל.
1156,Yekhadshehu (Heb),יחדשהוּ (עבֿרית),"יהדשהוּ הקדוֹש בּרוּך הוּא עלינוּ ואל כּל עמוֹ, בּית ישׂראל לחיים..."
1157,Yekum Purkum (Heb),יקום פּורקום,
1158,Yeled Yeled Li Natan (Heb),ילד ילד לי ניתן (עבֿרית),"ילד ילד לי ניתן, חבלתיז אל קול התן. ילתיו אל קול פצצה -"
1159,Yemenite Medley (Heb),מחרוזת מזרחית (עבֿרית),
1160,Yerushalayim (Heb),ירושלים (עבֿרית),ירושלים...
1161,Yerushalayim (M'al Pisgat...),ירושלים (מעל פסגת הר הצופים),"מעל פסגת הר הצופים, שלום לך, ירושלים, מעל פסגת הר הצופים..."
1162,Yerushalayim Harim Saviv La (Heb),ירושׁלים הרים סביב לה,
1163,Yerushalayim Ir Hakoydesh (Heb),ירושלים עיר הקודש (עבֿרית),
1164,Yerushalayim Shel Zahav,ירושלים של זהב,"אויר הרים צלול כּיין וריח ארנים, נשׂא בּרוח הירבים עם קול..."
1165,Yerushalayim Sheli Veshelakh (Heb),ירושלים שלי ושלך (עבֿרית),כּי מציוֹן תּצא תוֹרה וּדבר-יהוֹה מירוּשלם.
1166,Yesh Lanu Tayish (Heb),יש לנו תיש (עבֿרית),
1167,Yesh Li Gan,יש לי גן,"יש לי גן וּבּאר יש-לי, ועלי בּארי תּלוּי דלי, מדי שבּת בּא מחנך,"
1168,Yesh Li Gan,יש לי גן,"יש לי גן יש-לי, ועלי בארי תּלוּי דלי; מדי שבּתבּא מחמדי,"""
1169,Yesh Li Khag (Heb),יש לי חג (עבֿרמת),
1170,Yesh Li Reya (Heb),יש לי רעה,יש לי רעה והיא חלוה איני יודע מא שלומה.
1171,Yetsave (Heb),יצוה צור חסדי,
1172,Yeverekhekha (Heb),יברכך (תהלים קכח),יברכך ה' מצין וּראה בּטוּב ירוּשלים
1173,Yeverekhekha (Heb),יברכך (תהלים קכח),
1174,Yevorakh Kol Yisroel (Heb),יבורך כּל ישׂראל (עבֿרית),
1175,Yevorekh Et Bet Yisroel (Heb),יברך את בּית ישׂראל,"יברך את בּית ישׂראל, יברך את בּית אהרן. יברך יראי ה' הקטנים..."
1176,Yibane Hamikdash (Heb),יבּנה המקדש,"יבּנה המקדש עיר זיוֹן תּמלא, ושם נשיר שיר חדש וּברננה נעלה,"
1177,Yibane Hamikdash (Heb),יבּנה המקדש,"היי, יבּנה, יבּנה, יבּנה, יבּנה, יבּנה, המקדש"
1178,Yibane Hamikdash (Heb),יבּנה המקדש,
1179,Yiboneh Beys Hamikdosh (Heb),יבּנה בּית המקדש (שיבּנה בּית המקדש),
1180,Yidishe Piraten (Heb),יידישע פּיראטען,
1181,Yidn B'ney Rakhmonim,ייַדן בּני רחמנים,
1182,Yidn Gibn Iber Di Rede...(Heb),ייַדן גיבן איבער די רעדע...(עבֿרית),
1183,Yih'yu L'ratsen (Heb),יהיוּ לרצוֹן,יהיוּ לרצוֹן אמר-פי והגיוֹן לבּי לפניך. יי צוּרי וגוֹאלי:
1184,Yimlokh (Heb),ימלך (עבֿרית),"ימלך יי לעוֹלם, אלהיך ציוּן לדר ודר, הללוּיה."
1185,Yiru (Heb),יראו,יראו את ה' קדושיו כּי אין מחמסור ליראיו. כּפירים רשו ורעבו...
1186,Yiru Eyneynu (Heb),יורו עינינו (עבֿרית),
1187,Yisborakh Shimkha (Heb),יתּבּרך שמך (עבֿרית),"יתבּרך שמך בּפי כּל חי, תּמיד, תּמיד, לעולם ועד."
1188,Yismakh Moshe,ישׂמח משה,ישׂמך משה בּמתּנת חלקוֹ כּי עבד נאמן קראת לו.
1189,Yismakh Moshe,ישׂמח משה,"ישׂמח משה בּמתּנת חלקוֹ כּי עבד נאמן קראת לוֹ,"
1190,Yismekhu (Heb),ישׂמחוּ,ישׂמחוּ במלכוּתך שוֹמרי שבּת וקוֹראי ענג
1191,Yismekhu (Heb),ישׂמחוּ,
1192,Yismekhu (Heb),ישׂמחוּ,"ישׂמחו-במלכוּתך שׁומרי שׁבּת וקוֹראי ענג עם מקדשׁי שׁביעי,"
1193,Yismekhu (Heb),ישׂמחוּ,"ישׂמחוּ, ישׂמחוּ, במלכוּתך, שמרי שמרי שבּת..."
1194,Yismekhu (Heb),ישׂמחוּ,"ישׂמחוּ בּמלכוּתך, שוֹמרי שבּת וקוֹראי ענג עעם מקדשי שביעי..."
1195,Yismekhu (Heb),ישׂמחוּ,"ישׂמחוּ בּמלכוּתך, שוֹמרי שבּת וקוֹראי ענג עם מקדשי שביעי..."
1196,Yismekhu Hashamayim (Heb),ישׂמחו השמים,ישמחו השמים ותגל הארץ נרים הים ומלאו.
1197,Yismekhu Hashamayim (Heb),ישׂמחו השמים,ישמחו השמים ותגל הארץ ירעם הים ומלאו.
1198,Yismekhu Hashamayim (Heb),ישׂמחו השמים,ישמחו השמים ותדל הארץ נרים הים ןמלטו.
1199,Yismekhu Vemalekhutokha (Heb),ישׂמחוּ במלכוּתך,"ישׂמחוּ במלכוּתך, שוֹמרי שוֹמרי שוֹמרי שבּת וקוֹראי ענג,"
1200,Yiso Berakha (Heb),ישׂא בּרכה (עבּרית),ישׂא בּרכה מאת ה' וצדקה מאלוקי ישׂעו. שאו שערים ראשיכם והנשאו.
1201,Yisrael Yisrael (Heb),ישׂראל ישׁראל,ישׂראל ישׂראל בּטח בּשם עזרם וּמגנם הוּא
1202,"Yisroel Yisroel, (Heb)",ישׂראל ישׂראל (עבֿרית),"ישׂראל, ישׂראל, בּטח בּשם עזרם וּמגנם הוּ."
1203,Yo Ribon,יה רבון,
1204,Yodu Lashem (Heb),יוּדוֹ לה,יוּדוֹ לה' חסדו ונפלאותיו לבני אדם.
1205,Yodu Lashem (Heb),יוּדוֹ לה,"הוּדוֹ לה חסדוֹ, ונפלאוֹתּיו לבני אדם."
1206,Yom Aviv Khinam (Heb),יום אביב חינם,"אביב, אביב בכל מקום, הנרות כולן פורחות עכשיו, בּשׂדה פרגים..."
1207,Yom Leyabasha (Heb),יוֹם ליבּשׁה (עבֿרית),"יוֹם ליבּשׁה מהפכוּ מצולים, שירה חדשׁה שׁבּחוּ גאולים."
1208,Yom Tov Lanu (Heb),יוֹם טוֹב לנוּ (עבֿרית),"יוֹם טוֹב למוּ חג שׂמח, ילדים, נגילה נא! לסכּתנוּ בּא אוֹרח,"
1209,Yom Ze L'yisrael (Heb),יום זה לישׂראל,
1210,Yom Ze Mekhubod (Heb),יוֹם זה מככּד,"יוֹם זה מככּד מכּל ימים, כּי בוֹ שבת צוּר עולמים,"
1211,Yona Pa'amona (Hebrew),הי יונה,"הי הי יונה, הי יונה פעמונה. שם הרחק על הגבעה אוהלים שם ארבעה"
1212,Yonaton (Heb),יונתן (עבֿרית),
1213,Yored Ha'erev (Evening Falls),יורד הערב,
1214,Yosef Hatsadik (Heb),יוסף הצדיק (עבֿרית),
1215,Yosis Olayikh (Heb),ישׂישׂ עליך,"ישׂישׂ עליך אלקיך כּמשׂושׂ חתן על כּלה, על כּלה."
1216,Yosl Yosl,יאָסל יאָסל,
1217,You Can't Trust Anyone (Heb),אין על מי לסמוך,
1218,Youth Has Lost In Battle (Heb),נעורי בקרב אבדו לי (עבֿרית),
1219,Yudke (Heb),יודקה (עבֿרית),"נזכּוֹר איך ימים ארבּים כּשׁרשׁרת רבצה הפוּגה בּמשׁלט המאבּק,"
1220,Yugnt Himen,יוגנט הימען,"מזמוֹרנוּ נמלא צאר, אך צערנוּ עז נכוֹן, אף כּי אוֹרב בּשׁער, -"
1221,Yula La (Hebrew),יולה לא,"אני עומד על הגשר יורק, בסירה הרוק שלי מבסורטה, הוא שם בסירה."
1222,Yula Yula (Hebrew),יולה יולה,"המפק הביא אותּם, בּבסים הוריד אותּם, שמאל ימין לימד טותם,"
1223,Zagag (Heb),זגג (עבֿרית),
1224,Zakhor (Heb),זכּור (עבֿרית),"זכּור ה' חיבת ירושלים, אהבת ציון אל תשכח לנצח"
1225,Zakhor Davar Leavdekha (Heb),זכור דבר לעבדך,
1226,Zakhor Hasdu (Heb),זכר הסדו (עבֿרית),
1227,Zakhor Hashem (Heb),זכר ה' (עבֿרית),
1228,Zameri Li (Heb),זמרי לי (עבּרית),"זמרי לי זמרי, זמרי לי זמרי, יונה תמימה. זמרי לי גיל מתימן,"
1229,Zamru (Heb),זמרו (עבֿרית),זמרו לה' חסידיו והודו לזכר קדשו
1230,Ze Ha'elem (Heb),זה העלם (עבֿרית),
1231,Ze Hayom (Heb),זה היום (עבֿרית),
1232,Zekher (Heb),זכר (עבֿרית),"זכר רב טובך יביעו, וצדתך ירננו. תנון וריום ה' ארך אפים..."
1233,Zemer (Heb),זמר (עבֿרית),"לא ארחת גמלים ירדה לכרע, לא דבּשת היא אל מוּל כּוֹכב."
1234,Zemer Haplugot (Heb),זמר הפּלוּגוֹת,"את זמר הפּלגוֹת נשיר נא למזכּרת, אפל, אפל תוּדי, המשמר הכן."
1235,Zemer Khag (Heb),עסיס וסוכּות (עבֿרית),
1236,Zemer Lakh (Heb),זמר לך,"זמר, זמר לך, זמר לך מכוֹרתי, מכוֹרתי. המחוֹל סוֹבב, זמר לך דוֹבב,"
1237,"Zemer Leya'in (Di Mashke, Heb)","זמר ליין (די מאַשקע ,עבֿרית)",
1238,"Zemer Nugeh (Sad Song, Heb)",זמר נוגה (עבֿרית),"התשׁמא קוֹלי, רחוֹקי שׁלי, התשׁמע קוֹלי, בּאשר הנך --"
1239,Zer Shel Narkasim (Heb),זר של נרקיסים (עבֿרית),"עצי-הצפצפוֹת שׁירים לך שׁיר על דרך, עצי-הצפצפוֹת ניוּ גבוֹהים..."
1240,Zo Haderekh (Heb),זו הדרח (עבֿרית),
1241,Zog Nit Keyn Mol,זאָג ניט קײן מאָל,
1242,Zog Nit Keyn Mol,זאָג ניט קײן מאָל,"אל-נא תאמר: הנה דרכּי האהרוֹנה, את אוֹר היוֹם הסתּירוּ שׁמי העננה"""""
1243,Zonat Hayehudim (Heb),זונת היהודים (עבֿרית),
1244,Zot Artseynu (Heb),זאת ארצנו (עבֿרית),
1245,Zot Haderekh Le'eilat (Heb),זאת הדרך לאילת (עבֿרית),"שירה פּוֹנה אילתה, על מדבּר העאב רד, כּחל מעל וחוֹל מלמטה,"
1246,Zum Gali (Heb),זום גלי,זום גלי גלי... חהלוץ למען עבודה. עבודה למען חהלוץ.
1247,Zum Gali (Heb),זום גלי,חהלוץ למען עבודה. עבודה למען חהלוץ. זום גלי גלי...
1248,Shabos Koydesh (Zinkover Nigun),שבּת קדוש (זינקאָװער ניגון),"שבּת, שבּת, שבּת, שבּת קדוש"
1249,Vesigole Vesiro'eh,ותגלה ותראה,
1250,Kol Rino (Weiss),קול רנה (װיס),קול רנה וישוּעה בּאהלי צדיקים ימין ה' עשׂה חיל. ימין ה' רוממה..
1251,Yismeku (Anon 001),ישׂמחוּ (אנאָמים 001),ישׂמחוּ במלכוּתך שוֹמרי שבּת וקוֹראי ענג
1252,Eyshes Khayil (Shenker),אשת חיל (שענקער),אשת חיל מי ימצא ורחק מפּנינים מכרה בּטה בּה לב בּעלה ושלל לא...
1253,Ovinu Malkeynu (Bloemandal),אבינו מלכּנו (בלאָמענדאַל),
1254,Ovinu Malkeynu (Janowski),אבינו מלכּנו (יאַנאָװסקי),
1255,Ovinu Malkeynu (Katz),אבינו מלכּנו (קאַץ),
1256,Ovinu Malkeynu (Kalib),אבינו מלכּנו (קאַליב),אבינוּ צלכּנוּ נקוֹם לעינינוּ דם עבדיך השׁפוּך: אבינוּ מלכּנוּ...
1257,Ovinu Malkeynu (Zalman),אבינו מלכּנו (זאַלמאַן),"אבינוּ מלכּנוּ אהינוּ אוּנוּ, אבינוּ מלכּנוּ אין לנוּ מלך אלא אוּנה"
1258,Ovinu Malkeynu (Steinberg),אבינו מלכּנו (שטײַנבערג),
1259,Ovinu Malkeynu (Davidson),אבינו מלכּנו (דודסן),"אבינוּ מלכּנוּ אהינוּ אוּנוּ, אבינוּ מלכּנוּ אין לנוּ מלך אלא אוּנה"
1260,Ovinu Malkeynu (Secunda),אבינו מלכּנו (סעקונדאַ),תּבא לפניך תּפלתנוּ ואל תּתעלם מתּחנתנוּ. שׁאין אנחנוּ עזי פנים...
1261,Kum Bakhur Atzel,קום בּחור עצל,"קוּם בּחוּר עצל וצא לעבוֹדה, קוּם בּחוּר עצא וצא לעבוֹדה, קוֹם קוֹם..."
1262,Ki Mitsion,כּי מציוֹן,כּי מציוֹן תּצא תוֹרה וּדבר-יהוֹה מירוּשלים.
1263,Ki Mitsion,כּי מציוֹן,כּי מציוֹן תּצא תוֹרה וּדבר-יהוֹה מירוּשלם.
1264,Kevarim,קבֿרים,
1265,Shir Hashirim 03:04,שיר השירים ג,
1266,"Shir Hashirim 05:06,7",שיר השירים ה,
1267,Dodi Li (Di Terkish Khasene),דודי לי (די טערקיש חסונה),"דודי לי ואני לו, הרועה בּששנים."
1268,Ono Tovo Osshamnu (Nowakowsky),אנא-תבא (נאָװאַקאָװסקי),
1269,Lekha Dodi (Nowakowsky),לכה דודי (נאָװאַקאָװסקי),לכה דודי לקראת כּלה פּני שבּת נקבּלה.
1270,Mogeyn Ovos (Nowakowsky),מגן אבות (נאָװאַקאָװסקי),"מגן אבות בדברו, מחיה מתים במאמרו. האל הקדוש שאין כמוהו,"
1271,Al Horishonim (Nowakowsky),על הראשונים (נאָװאַקאָװסקי),"על הראשונים, ואל האחרונים, דבר טוב וקים לעולם ועד."
1272,Adonay Zekharanu (Nowakowsky),יי זכרנוּ (נאָװאַקאָװסקי),"יי זכרנוּ יברך, יברך את-בּית ישׂראל, יברך את בּית אהרן,"
1273,Eso Eynay (Avraham),אשׂא עיני (אבֿרהם),"אשׂה עיני אל-ההרים נאין יבא עזרי, עזרי מעם ה' עשׂה שמים וארץ."
1274,Eso Eynay (Steinberg),אשׂא עיני (שטײַבערג),"אשׂה עיני אל-ההרים נאין יבא עזרי, עזרי מעם ה' עשׂה שמים וארץ."
1275,Eso Eynay (Nowakowsky),אשׂא עיני (נאָװאַקאָװסקי),"אשׂה עיני אל-ההרים נאין יבא עזרי, עזרי מעם ה' עשׂה שמים וארץ."
1276,Im Adonay,אם יהוֹה,"אם-יהוֹה לא-שמר-עיר, שוא שקד שוֹמר. שוא לכם, משׁכּימי קוּם..."
1277,Seu Sheorim (Bloch),שׂאוּ שערים (בלאָך),"שׂאוּ שערים ראשעכם, והנשאוּ פּתחי יוֹלם. ויבוֹא מלך הכּבוֹר:"
1278,Seu Sheorim (Naumbourg),שׂאוּ שערים (נאַובאָרג),"שׂאוּ שערים ראשעכם, והנשאוּ פּתחי יוֹלם. ויבוֹא מלך הכּבוֹר:"
1279,Seu Sheorim (Milhaud),שׂאוּ שערים (מילהאַוד),"שׂאוּ שערים ראשעכם, והנשאוּ פּתחי יוֹלם. ויבוֹא מלך הכּבוֹר:"
1280,Seu Sheorim (Gold),שׂאוּ שערים (גאָלד),"שׂאוּ שערים ראשעכם, והנשאוּ פּתחי יוֹלם. ויבוֹא מלך הכּבוֹר:"
1281,Seu Sheorim (Kalmanoff),שׂאוּ שערים (קאַלמאַנאָף),"שׂאוּ שערים ראשעכם, והנשאוּ פּתחי יוֹלם. ויבוֹא מלך הכּבוֹר:"
1282,L'adonay Ha'aretz (Nowakowsky),ליהוה הארץ (נאָװאַקאָװסקי),ליהוה הארץ ומלואה תּבל וישבי בה. כּי-הוא על-ימים יסרה
1283,Verastikh Li (Castelnuovo),וארשׂתּיך לי (קאַסטעלנואָװאָ),"וארשׂתּיך לי לעוֹלם וארשׂתּיך לי, בּצדק ובמשפּט, וּבחסד וּברחמים:"
1284,Verastikh Li (Nowokowsky),וארשׂתּיך לי (נאָװאַקאָװסקי),וארשׂתּיך לי לעוֹלם וארשׂתּיך לי בּצדק וּבמשׁפּט...
1285,Kol Dodi (Nowakowsky),קוֹל דוֹדי (נאָװאַקאָװסקי),
1286,Kol Dodi (Nowakowsky),קוֹל דוֹדי (נאָװאַקאָװסקי),"קוֹל דוֹדי, קוֹל דוֹדי, הנה שה בּא,"
1287,Kol Nidre (Franck),כּל נדרי (פֿראַנק),כּל נדרי ואסרי וחרמי וקוֹנמי וכנוּיי ןקנוּסי וּשבוּעוֹת דנדרנא
1288,Kol Dodi (Shenker),כּוֹל דוֹדי (שענקער),"קוֹל דוֹדי, קוֹל דוֹדי, הנה שה בּא,"
1289,Mi Hoish (Chait),מי האיש (חייט),מי האיש החפֿץ חיים אהב ימים לראוֹת טןב: נצר לשוֹנך מרע
1290,Mi Hoish (Albrecht),מי האיש (אלברכט),מי האיש החפֿץ חיים אהב ימים לראוֹת טןב: נצר לשוֹנך מרע
1291,Al Talmini Lo,אל תּאמיני לו,"אל תּאַמימי לו, אל תּאמיני לו הוא רמאי הוא שקרן כּל הומעות..."
1292,Solam,סולם,"זה לא מולם של מלאכים יורעים סולם את הסולם הזה הקימו בני אדם,"
1293,Hagan Habiladi,הגן הבלעדי,ויום אחד כשיתגלה הפתח הסידי װדאי נשמח לגן הבלעדי
1294,Dimui,דימוי,"כמו אור המהליח בתוח גלי הלילה אתה יודע שזר סירת דיג,"
1295,Adisha,אדישה,"לא הרבה מטריד אותי בזמן האחרון אנע הולכת ונהיה כאילו אדישה,"
1296,Kikoret Darkonim,בּיקורתּ שרכּונים,"הוא לא סובל אותי הוא מסחכל בי בחשך הוא הופך את הדרכון שלי,"
1297,Mi Sheberakh (Feleki),מי שבּרך ( פֿעליקי),
1298,Yismekhu Bemalekhusekho,ישׂמחוּ בּמלכוּתך,"ישׂמחוּ בּמלכוּתך, ישׂמחוּ ישׂמחוּ בּמלכוּתך, שוֹמרי שבּת וקראי ענג."
1299,Sore Zingt Yitskhaklen..Shloflid (Sel..),שׂרה זינגט יצחקלען אַ שלאָפֿליד  (זלצר),
1300,Tsur Mishelo (Shenker),צור משלו (שענקער),"צוּר משלוֹ אכלמוּ, בּרכוּ אמוּני שׂבימוּ והותרנוּ כּדבר ה'"
1301,Ahavas Olam,אהבת עוֹלם,אהבת עלוֹם בּית ישׂראל עמך אהבתּ. תּוֹרה וּמצווֹת חקים וּמשפּטים...
1302,Veshomru,ושמרוּ,ושמרוּ בּני-ישׂראל את-השבּת לעשׂוֹת את-השבּת לדרתם בּרית עוֹלם:
1303,Veshomru,ושמרוּ,
1304,Shir Hamaalos,שיר המעלוֹת,
1305,Kh'shemkhe,כשמך,
1306,Haleluya (Psalm pt. 5),הללוּיה,
1307,Kidush (Weill),קידוש  (ווייַל),בּרוּך אתּה השם אלהינוּ מלך העוֹלם בּוֹרא פּרי הגפן
1308,Ledor Vador (Friedman),לדוֹר ודוֹר (פֿרידמאַן),"לדוֹר ודוֹר נגיד גדלך, וּלנצח נצחים קדשתך נקדיש,"
1309,Ledor Vador (Kalib),לדוֹר ודוֹר (קאַליב),"לדוֹר ודוֹר נגיד גדלך, וּלנצח נצחים קדשתך נקדיש,"
1310,Ledor Vador (Finkelstein),לדוֹר ודוֹר (פֿינקעלשטייַן),"לדוֹר ודוֹר נגיד גדלך, וּלנצח נצחים קדשתך נקדיש,"
1311,Ledor Vador (Zim),לדוֹר ודוֹר (זים),"לדוֹר ודוֹר נגיד גדלך, וּלנצח נצחים קדשתך נקדיש,"
1312,Sim Sholom (Paykov),שׂים שלום,שׂים שלוֹם טוֹבה וּברכה חן וחסד ורחמים עלינוּ ואל כּל ישׂראל עמך.
1313,Sim Sholom (Ganchoff),שׂים שלום,שׂים שלום טובה וברכה חן וחסד ורחמים
1314,Sim Sholom (Nadel),שׂים שלום,שׂים שלום טובה וברכה חן וחסד ורחמים
1315,Sim Sholom (Schiff),שׂים שלום,שׂים שחום טובה וברכה חן וחסד ורחמים
1316,Sim Sholom (Bar-Niv),שׂים שלום,שׂים שלוֹם טוֹבה וּברכה חן וחסד ורחמים עלינוּ ואל כּל ישׂראל עמך.
1317,Sim Sholom (Netzer),שׂים שלום,שׂים שלוֹם טוֹבה וּברכה חן וחסד ורחמים עלינוּ ואל כּל ישׂראל עמך.
1318,Sim Sholom (Levitan),שׂים שלום,שׂים שלוֹם טוֹבה וּברכה חן וחסד ורחמים עלינוּ ואל כּל ישׂראל עמך.
1319,Sim Sholom (Sternberg),שׂים שלום,שׂים שלוֹם טוֹבה וּברכה חן וחסד ורחמים עלינוּ ואל כּל ישׂראל עמך.
1320,Sim Sholom (Rabinowitz),שׂים שלום,שׂים שלוֹם טוֹבה וּברכה חן וחסד ורחמים עלינוּ ואל כּל ישׂראל עמך.
1321,Sim Sholom (Zim),שׂים שלום,שׂים שלוֹם טוֹבה וּברכה חן וחסד ורחמים עלינוּ ואל כּל ישׂראל עמך.
1322,Sim Sholom (Alter),שׂים שלום,שׂים שלוֹם טוֹבה וּברכה חן וחסד ורחמים עלינוּ ואל כּל ישׂראל עמך.
1323,Sim Sholom (Gold),שׂים שלום,שׂים שלוֹם טוֹבה וּברכה חן וחסד ורחמים עלינוּ ואל כּל ישׂראל עמך.
1324,Sim Sholom (Yardeini),שׂים שלום,
1325,Sim Sholom (Zilberts),שׂים שלום,שׂים שלוֹם טוֹבה וּברכה חן וחסד ורחמים עלינוּ ואל כּל ישׂראל עמך.
1326,Sim Sholom (Koffman),שׂים שלום,שׂים שלום טובה וברכה חן וחסד ורחמים
1327,"Mizmor Ledovid (Psalm 023, Shenker)",מזמוֹר לדוד (תהלים כג),"מזמוֹר לדוד יהוֹה רעי לא אחסר: בּנאות דשׁא ירבּיצני,"
1328,Sim Sholom (Glantz),שׂים שלום,שׂים שלום טובה וברכה חן וחסד ורחמים
1329,Sim Sholom (Glantz),שׂים שלום,שׂים שחום טובה וברכה חן וחסד ורחמים
1330,Ufros Aleynu (Rekhdiner),ופרוס עלינו (רעכדינער),
1331,Sholom Aleykhm 1 (Zmiros Project),שלום עליכם 1 (זמיר פּראָיעקט),"שלום עליכם מלאכי השרת מלאכי עליון, ממלך מלכי המלכים הקדוש ברוך היא."
1332,Sholom Aleykhm 2 (Zmiros Project),שלום עליכם 2 (זמיר פּראָיעקט),"שלום עליכם מלאכי השרת מלאכי עליון, ממלך מלכי המלכים הקדוש ברוך היא."
1333,Tsur Mishelo (Elimeylekh),צור משלו (עלימלך),"צור משלו אכלמו, ברכו אמוני שׂבאנו והותרנו..."